<?xml version="1.0" encoding="UTF-8"?>
<document>
<data id="history">
<metadata>
<columns>
<column name="BOARDID" type="string" bytes="12" max_size="0" />
<column name="TRADEDATE" type="date" bytes="10" max_size="0" />
<column name="SHORTNAME" type="string" bytes="189" max_size="0" />
<column name="SECID" type="string" bytes="36" max_size="0" />
<column name="NUMTRADES" type="double" />
<column name="VALUE" type="double" />
<column name="OPEN" type="double" />
<column name="LOW" type="double" />
<column name="HIGH" type="double" />
<column name="LEGALCLOSEPRICE" type="double" />
<column name="WAPRICE" type="double" />
<column name="CLOSE" type="double" />
<column name="VOLUME" type="double" />
<column name="MARKETPRICE2" type="double" />
<column name="MARKETPRICE3" type="double" />
<column name="ADMITTEDQUOTE" type="double" />
<column name="MP2VALTRD" type="double" />
<column name="MARKETPRICE3TRADESVALUE" type="double" />
<column name="ADMITTEDVALUE" type="double" />
<column name="WAVAL" type="double" />
<column name="TRADINGSESSION" type="int32" />
</columns>
</metadata>
<rows>
<row BOARDID="TQBR" TRADEDATE="2013-12-20" SHORTNAME="Аэрофлот" SECID="AFLT" NUMTRADES="7409" VALUE="486422167" OPEN="78.05" LOW="76.1" HIGH="80.3" LEGALCLOSEPRICE="79.62" WAPRICE="78.32" CLOSE="79.23" VOLUME="6211000" MARKETPRICE2="78.32" MARKETPRICE3="78.32" ADMITTEDQUOTE="78.32" MP2VALTRD="486375337" MARKETPRICE3TRADESVALUE="486375337" ADMITTEDVALUE="486375337" WAVAL="" TRADINGSESSION="3" />
<row BOARDID="TQBR" TRADEDATE="2013-12-20" SHORTNAME="АЛРОСА ао" SECID="ALRS" NUMTRADES="572" VALUE="29721623.2" OPEN="34.29" LOW="34.155" HIGH="34.635" LEGALCLOSEPRICE="34.63" WAPRICE="34.492" CLOSE="34.63" VOLUME="861700" MARKETPRICE2="34.492" MARKETPRICE3="34.492" ADMITTEDQUOTE="34.492" MP2VALTRD="29721623.2" MARKETPRICE3TRADESVALUE="29721623.2" ADMITTEDVALUE="29721623.2" WAVAL="" TRADINGSESSION="3" />
<row BOARDID="TQBR" TRADEDATE="2013-12-20" SHORTNAME="ДИКСИ ао" SECID="DIXY" NUMTRADES="310" VALUE="25604142.8" OPEN="415" LOW="408.25" HIGH="417.96" LEGALCLOSEPRICE="413.21" WAPRICE="414.71" CLOSE="414.85" VOLUME="61740" MARKETPRICE2="414.71" MARKETPRICE3="414.71" ADMITTEDQUOTE="414.71" MP2VALTRD="25604142.8" MARKETPRICE3TRADESVALUE="25604142.8" ADMITTEDVALUE="25604142.8" WAVAL="" TRADINGSESSION="3" />
<row BOARDID="TQBR" TRADEDATE="2013-12-20" SHORTNAME="FXDE ETF" SECID="FXDE" NUMTRADES="0" VALUE="0" OPEN="" LOW="" HIGH="" LEGALCLOSEPRICE="1078.7" WAPRICE="" CLOSE="" VOLUME="0" MARKETPRICE2="" MARKETPRICE3="" ADMITTEDQUOTE="" MP2VALTRD="0" MARKETPRICE3TRADESVALUE="0" ADMITTEDVALUE="0" WAVAL="4809.18" TRADINGSESSION="3" />
<row BOARDID="TQBR" TRADEDATE="2013-12-20" SHORTNAME="iFXIT ETF" SECID="FXIT" NUMTRADES="0" VALUE="0" OPEN="" LOW="" HIGH="" LEGALCLOSEPRICE="1059.3" WAPRICE="" CLOSE="" VOLUME="0" MARKETPRICE2="" MARKETPRICE3="" ADMITTEDQUOTE="" MP2VALTRD="0" MARKETPRICE3TRADESVALUE="0" ADMITTEDVALUE="0" WAVAL="2142.16" TRADINGSESSION="3" />
<row BOARDID="TQBR" TRADEDATE="2013-12-20" SHORTNAME="FXJP ETF" SECID="FXJP" NUMTRADES="0" VALUE="0" OPEN="" LOW="" HIGH="" LEGALCLOSEPRICE="960.5" WAPRICE="" CLOSE="" VOLUME="0" MARKETPRICE2="" MARKETPRICE3="" ADMITTEDQUOTE="" MP2VALTRD="0" MARKETPRICE3TRADESVALUE="0" ADMITTEDVALUE="0" WAVAL="1964.59" TRADINGSESSION="3" />
<row BOARDID="TQBR" TRADEDATE="2013-12-20" SHORTNAME="FXRB ETF" SECID="FXRB" NUMTRADES="0" VALUE="0" OPEN="" LOW="" HIGH="" LEGALCLOSEPRICE="1016" WAPRICE="" CLOSE="" VOLUME="0" MARKETPRICE2="1018" MARKETPRICE3="1018" ADMITTEDQUOTE="1018" MP2VALTRD="14456616" MARKETPRICE3TRADESVALUE="7127016" ADMITTEDVALUE="14456616" WAVAL="2391310.35" TRADINGSESSION="3" />
<row BOARDID="TQBR" TRADEDATE="2013-12-20" SHORTNAME="FXRU ETF" SECID="FXRU" NUMTRADES="0" VALUE="0" OPEN="" LOW="" HIGH="" LEGALCLOSEPRICE="3334.8" WAPRICE="" CLOSE="" VOLUME="0" MARKETPRICE2="" MARKETPRICE3="" ADMITTEDQUOTE="" MP2VALTRD="0" MARKETPRICE3TRADESVALUE="0" ADMITTEDVALUE="0" WAVAL="" TRADINGSESSION="3" />
<row BOARDID="TQBR" TRADEDATE="2013-12-20" SHORTNAME="FXUK ETF" SECID="FXUK" NUMTRADES="0" VALUE="0" OPEN="" LOW="" HIGH="" LEGALCLOSEPRICE="1034.5" WAPRICE="" CLOSE="" VOLUME="0" MARKETPRICE2="" MARKETPRICE3="" ADMITTEDQUOTE="" MP2VALTRD="0" MARKETPRICE3TRADESVALUE="0" ADMITTEDVALUE="0" WAVAL="2548.54" TRADINGSESSION="3" />
<row BOARDID="TQBR" TRADEDATE="2013-12-20" SHORTNAME="ЧеркизГ-ао" SECID="GCHE" NUMTRADES="45" VALUE="473901.9" OPEN="589.3" LOW="570" HIGH="590" LEGALCLOSEPRICE="582" WAPRICE="583.6" CLOSE="582" VOLUME="812" MARKETPRICE2="" MARKETPRICE3="583" ADMITTEDQUOTE="" MP2VALTRD="0" MARKETPRICE3TRADESVALUE="762597.8" ADMITTEDVALUE="0" WAVAL="" TRADINGSESSION="3" />
<row BOARDID="TQBR" TRADEDATE="2013-12-20" SHORTNAME="РусГидро" SECID="HYDR" NUMTRADES="9979" VALUE="389818203.3" OPEN="0.587" LOW="0.584" HIGH="0.5932" LEGALCLOSEPRICE="0.589" WAPRICE="0.5883" CLOSE="0.5885" VOLUME="662632000" MARKETPRICE2="0.5883" MARKETPRICE3="0.5883" ADMITTEDQUOTE="0.5883" MP2VALTRD="389430055.2" MARKETPRICE3TRADESVALUE="389430055.2" ADMITTEDVALUE="389430055.2" WAVAL="" TRADINGSESSION="3" />
<row BOARDID="TQBR" TRADEDATE="2013-12-20" SHORTNAME="ИнтерРАОао" SECID="IRAO" NUMTRADES="11893" VALUE="625248746.1" OPEN="0.0098" LOW="0.009564" HIGH="0.01005" LEGALCLOSEPRICE="0.01" WAPRICE="0.009829" CLOSE="0.01" VOLUME="63615300000" MARKETPRICE2="0.009829" MARKETPRICE3="0.009829" ADMITTEDQUOTE="0.009829" MP2VALTRD="624969446.1" MARKETPRICE3TRADESVALUE="624969446.1" ADMITTEDVALUE="624969446.1" WAVAL="" TRADINGSESSION="3" />
<row BOARDID="TQBR" TRADEDATE="2013-12-20" SHORTNAME="ЛУКОЙЛ" SECID="LKOH" NUMTRADES="16083" VALUE="1657322660.2" OPEN="2037.6" LOW="2019.3" HIGH="2040.1" LEGALCLOSEPRICE="2027" WAPRICE="2028.7" CLOSE="2033" VOLUME="816947" MARKETPRICE2="2028.7" MARKETPRICE3="2028.7" ADMITTEDQUOTE="2028.7" MP2VALTRD="1657306359.4" MARKETPRICE3TRADESVALUE="1657306359.4" ADMITTEDVALUE="1657306359.4" WAVAL="" TRADINGSESSION="3" />
<row BOARDID="TQBR" TRADEDATE="2013-12-20" SHORTNAME="ЛСР ао" SECID="LSRG" NUMTRADES="359" VALUE="7511237.5" OPEN="587.8" LOW="577.9" HIGH="587.8" LEGALCLOSEPRICE="582.7" WAPRICE="582.2" CLOSE="577.9" VOLUME="12901" MARKETPRICE2="582.2" MARKETPRICE3="582.2" ADMITTEDQUOTE="582.2" MP2VALTRD="7511237.5" MARKETPRICE3TRADESVALUE="7511237.5" ADMITTEDVALUE="7511237.5" WAVAL="" TRADINGSESSION="3" />
<row BOARDID="TQBR" TRADEDATE="2013-12-20" SHORTNAME="Магнит ао" SECID="MGNT" NUMTRADES="13441" VALUE="1341924653" OPEN="9123.3" LOW="8928" HIGH="9140" LEGALCLOSEPRICE="8999.8" WAPRICE="9017.6" CLOSE="8960" VOLUME="148811" MARKETPRICE2="9017.6" MARKETPRICE3="9017.6" ADMITTEDQUOTE="9017.6" MP2VALTRD="1341897283.1" MARKETPRICE3TRADESVALUE="1341897283.1" ADMITTEDVALUE="1341897283.1" WAVAL="" TRADINGSESSION="3" />
<row BOARDID="TQBR" TRADEDATE="2013-12-20" SHORTNAME="МосБиржа" SECID="MOEX" NUMTRADES="2492" VALUE="241325809" OPEN="62.37" LOW="62.36" HIGH="63.8" LEGALCLOSEPRICE="63.8" WAPRICE="63.26" CLOSE="63.09" VOLUME="3814910" MARKETPRICE2="63.26" MARKETPRICE3="63.26" ADMITTEDQUOTE="63.26" MP2VALTRD="241325809" MARKETPRICE3TRADESVALUE="241325809" ADMITTEDVALUE="241325809" WAVAL="" TRADINGSESSION="3" />
<row BOARDID="TQBR" TRADEDATE="2013-12-20" SHORTNAME="МРСК Центр" SECID="MRKC" NUMTRADES="174" VALUE="2045137" OPEN="0.2158" LOW="0.21" HIGH="0.2168" LEGALCLOSEPRICE="0.2129" WAPRICE="0.2138" CLOSE="0.21" VOLUME="9564000" MARKETPRICE2="0.2138" MARKETPRICE3="0.2138" ADMITTEDQUOTE="0.2138" MP2VALTRD="2045137" MARKETPRICE3TRADESVALUE="2045137" ADMITTEDVALUE="2045137" WAVAL="" TRADINGSESSION="3" />
<row BOARDID="TQBR" TRADEDATE="2013-12-20" SHORTNAME="МРСК ЦП" SECID="MRKP" NUMTRADES="56" VALUE="1492188.6" OPEN="0.0647" LOW="0.0647" HIGH="0.068" LEGALCLOSEPRICE="0.06617" WAPRICE="0.06614" CLOSE="0.067" VOLUME="22560000" MARKETPRICE2="0.06615" MARKETPRICE3="0.06615" ADMITTEDQUOTE="0.06615" MP2VALTRD="1489600.6" MARKETPRICE3TRADESVALUE="1489600.6" ADMITTEDVALUE="1489600.6" WAVAL="" TRADINGSESSION="3" />
<row BOARDID="TQBR" TRADEDATE="2013-12-20" SHORTNAME="+МосЭнерго" SECID="MSNG" NUMTRADES="634" VALUE="25346986.4" OPEN="0.8425" LOW="0.8425" HIGH="0.8788" LEGALCLOSEPRICE="0.8755" WAPRICE="0.8672" CLOSE="0.878" VOLUME="29227000" MARKETPRICE2="0.8672" MARKETPRICE3="0.8672" ADMITTEDQUOTE="0.8672" MP2VALTRD="25346143.9" MARKETPRICE3TRADESVALUE="25346143.9" ADMITTEDVALUE="25346143.9" WAVAL="" TRADINGSESSION="3" />
<row BOARDID="TQBR" TRADEDATE="2013-12-20" SHORTNAME="РСетиМР ао" SECID="MSRS" NUMTRADES="283" VALUE="7696546.1" OPEN="1.3331" LOW="1.333" HIGH="1.376" LEGALCLOSEPRICE="1.3692" WAPRICE="1.3685" CLOSE="1.3533" VOLUME="5624000" MARKETPRICE2="1.3685" MARKETPRICE3="1.3685" ADMITTEDQUOTE="1.3685" MP2VALTRD="7696546.1" MARKETPRICE3TRADESVALUE="7696546.1" ADMITTEDVALUE="7696546.1" WAVAL="" TRADINGSESSION="3" />
<row BOARDID="TQBR" TRADEDATE="2013-12-20" SHORTNAME="Мечел ао" SECID="MTLR" NUMTRADES="2909" VALUE="111505810.8" OPEN="66.4" LOW="65.3" HIGH="66.9" LEGALCLOSEPRICE="66.9" WAPRICE="66.3" CLOSE="66.9" VOLUME="1682356" MARKETPRICE2="66.3" MARKETPRICE3="66.3" ADMITTEDQUOTE="66.3" MP2VALTRD="111475864.4" MARKETPRICE3TRADESVALUE="111475864.4" ADMITTEDVALUE="111475864.4" WAVAL="" TRADINGSESSION="3" />
<row BOARDID="TQBR" TRADEDATE="2013-12-20" SHORTNAME="Мечел ап" SECID="MTLRP" NUMTRADES="1119" VALUE="5584224.6" OPEN="37.31" LOW="35.6" HIGH="38.41" LEGALCLOSEPRICE="36.25" WAPRICE="37.12" CLOSE="36.5" VOLUME="150440" MARKETPRICE2="37.12" MARKETPRICE3="37.12" ADMITTEDQUOTE="37.12" MP2VALTRD="5584224.6" MARKETPRICE3TRADESVALUE="5584224.6" ADMITTEDVALUE="5584224.6" WAVAL="" TRADINGSESSION="3" />
<row BOARDID="TQBR" TRADEDATE="2013-12-20" SHORTNAME="МТС-ао" SECID="MTSS" NUMTRADES="6229" VALUE="454077570" OPEN="324.18" LOW="322.12" HIGH="325.5" LEGALCLOSEPRICE="324.2" WAPRICE="324.03" CLOSE="324.2" VOLUME="1401360" MARKETPRICE2="324.03" MARKETPRICE3="324.03" ADMITTEDQUOTE="324.03" MP2VALTRD="453967348.8" MARKETPRICE3TRADESVALUE="453967348.8" ADMITTEDVALUE="453967348.8" WAVAL="" TRADINGSESSION="3" />
<row BOARDID="TQBR" TRADEDATE="2013-12-20" SHORTNAME="ОткрФКБ ао" SECID="NMOS" NUMTRADES="11" VALUE="3794212.1" OPEN="957" LOW="952" HIGH="982" LEGALCLOSEPRICE="956.9" WAPRICE="959.1" CLOSE="953" VOLUME="3956" MARKETPRICE2="959.1" MARKETPRICE3="959.1" ADMITTEDQUOTE="959.1" MP2VALTRD="3794212.1" MARKETPRICE3TRADESVALUE="3794212.1" ADMITTEDVALUE="3794212.1" WAVAL="" TRADINGSESSION="3" />
<row BOARDID="TQBR" TRADEDATE="2013-12-20" SHORTNAME="Новатэк ао" SECID="NVTK" NUMTRADES="5127" VALUE="512940218.6" OPEN="401.5" LOW="398" HIGH="403.22" LEGALCLOSEPRICE="399.27" WAPRICE="401.34" CLOSE="399.3" VOLUME="1278080" MARKETPRICE2="401.35" MARKETPRICE3="401.35" ADMITTEDQUOTE="401.35" MP2VALTRD="515221140.14" MARKETPRICE3TRADESVALUE="515221140.14" ADMITTEDVALUE="515221140.14" WAVAL="" TRADINGSESSION="3" />
<row BOARDID="TQBR" TRADEDATE="2013-12-20" SHORTNAME="ЭнелРос ао" SECID="OGKE" NUMTRADES="278" VALUE="4057663.6" OPEN="1.1112" LOW="1.0998" HIGH="1.1484" LEGALCLOSEPRICE="1.1417" WAPRICE="1.1197" CLOSE="1.14" VOLUME="3624000" MARKETPRICE2="1.1197" MARKETPRICE3="1.1197" ADMITTEDQUOTE="1.1197" MP2VALTRD="4057663.6" MARKETPRICE3TRADESVALUE="4057663.6" ADMITTEDVALUE="4057663.6" WAVAL="" TRADINGSESSION="3" />
<row BOARDID="TQBR" TRADEDATE="2013-12-20" SHORTNAME="ФосАгро ао" SECID="PHOR" NUMTRADES="426" VALUE="15020917.8" OPEN="964.8" LOW="962.1" HIGH="980" LEGALCLOSEPRICE="973.8" WAPRICE="970.6" CLOSE="966.6" VOLUME="15476" MARKETPRICE2="970.6" MARKETPRICE3="970.6" ADMITTEDQUOTE="970.6" MP2VALTRD="15020917.8" MARKETPRICE3TRADESVALUE="15020917.8" ADMITTEDVALUE="15020917.8" WAVAL="" TRADINGSESSION="3" />
<row BOARDID="TQBR" TRADEDATE="2013-12-20" SHORTNAME="ПИК ао" SECID="PIKK" NUMTRADES="540" VALUE="15478172.9" OPEN="71.3" LOW="69.7" HIGH="71.31" LEGALCLOSEPRICE="70.43" WAPRICE="70.55" CLOSE="70.4" VOLUME="219380" MARKETPRICE2="70.55" MARKETPRICE3="70.55" ADMITTEDQUOTE="70.55" MP2VALTRD="15478172.9" MARKETPRICE3TRADESVALUE="15478172.9" ADMITTEDVALUE="15478172.9" WAVAL="" TRADINGSESSION="3" />
<row BOARDID="TQBR" TRADEDATE="2013-12-20" SHORTNAME="Polymetal" SECID="POLY" NUMTRADES="2701" VALUE="77120073.45" OPEN="276.5" LOW="255.21" HIGH="276.8" LEGALCLOSEPRICE="261" WAPRICE="262.76" CLOSE="261" VOLUME="293499" MARKETPRICE2="262.76" MARKETPRICE3="262.76" ADMITTEDQUOTE="262.76" MP2VALTRD="77120073.45" MARKETPRICE3TRADESVALUE="77120073.45" ADMITTEDVALUE="77120073.45" WAVAL="" TRADINGSESSION="3" />
<row BOARDID="TQBR" TRADEDATE="2013-12-20" SHORTNAME="Ростел -ао" SECID="RTKM" NUMTRADES="11584" VALUE="452739891.2" OPEN="112.4" LOW="111.05" HIGH="112.98" LEGALCLOSEPRICE="111.05" WAPRICE="111.8" CLOSE="111.6" VOLUME="4049410" MARKETPRICE2="111.8" MARKETPRICE3="111.8" ADMITTEDQUOTE="111.8" MP2VALTRD="452611755.2" MARKETPRICE3TRADESVALUE="452611755.2" ADMITTEDVALUE="452611755.2" WAVAL="" TRADINGSESSION="3" />
<row BOARDID="TQBR" TRADEDATE="2013-12-20" SHORTNAME="Ростел -ап" SECID="RTKMP" NUMTRADES="309" VALUE="16359617" OPEN="73.37" LOW="73.2" HIGH="73.95" LEGALCLOSEPRICE="73.4" WAPRICE="73.43" CLOSE="73.2" VOLUME="222800" MARKETPRICE2="73.43" MARKETPRICE3="73.43" ADMITTEDQUOTE="73.43" MP2VALTRD="16344943" MARKETPRICE3TRADESVALUE="16344943" ADMITTEDVALUE="16344943" WAVAL="" TRADINGSESSION="3" />
<row BOARDID="TQBR" TRADEDATE="2013-12-20" SHORTNAME="СолИнММВБ" SECID="RU000A0ERNM8" NUMTRADES="0" VALUE="0" OPEN="" LOW="" HIGH="" LEGALCLOSEPRICE="139790" WAPRICE="" CLOSE="" VOLUME="0" MARKETPRICE2="" MARKETPRICE3="" ADMITTEDQUOTE="" MP2VALTRD="0" MARKETPRICE3TRADESVALUE="0" ADMITTEDVALUE="0" WAVAL="" TRADINGSESSION="3" />
<row BOARDID="TQBR" TRADEDATE="2013-12-20" SHORTNAME="ЗПИФ КапВл" SECID="RU000A0JNUM1" NUMTRADES="21" VALUE="351816" OPEN="166.5" LOW="166.5" HIGH="168.55" LEGALCLOSEPRICE="168.55" WAPRICE="167.53" CLOSE="168.55" VOLUME="2100" MARKETPRICE2="" MARKETPRICE3="167.57" ADMITTEDQUOTE="" MP2VALTRD="0" MARKETPRICE3TRADESVALUE="502716" ADMITTEDVALUE="0" WAVAL="" TRADINGSESSION="3" />
<row BOARDID="TQBR" TRADEDATE="2013-12-20" SHORTNAME="iЗПИФФинИТ" SECID="RU000A0JNUN9" NUMTRADES="0" VALUE="0" OPEN="" LOW="" HIGH="" LEGALCLOSEPRICE="579" WAPRICE="" CLOSE="" VOLUME="0" MARKETPRICE2="" MARKETPRICE3="596.93" ADMITTEDQUOTE="" MP2VALTRD="0" MARKETPRICE3TRADESVALUE="10744700.1" ADMITTEDVALUE="0" WAVAL="" TRADINGSESSION="3" />
<row BOARDID="TQBR" TRADEDATE="2013-12-20" SHORTNAME="ПИФ ПФН" SECID="RU000A0JPCY9" NUMTRADES="0" VALUE="0" OPEN="" LOW="" HIGH="" LEGALCLOSEPRICE="491900" WAPRICE="" CLOSE="" VOLUME="0" MARKETPRICE2="" MARKETPRICE3="" ADMITTEDQUOTE="" MP2VALTRD="0" MARKETPRICE3TRADESVALUE="0" ADMITTEDVALUE="0" WAVAL="" TRADINGSESSION="3" />
<row BOARDID="TQBR" TRADEDATE="2013-12-20" SHORTNAME="Агрокап.ип" SECID="RU000A0JQD06" NUMTRADES="0" VALUE="0" OPEN="" LOW="" HIGH="" LEGALCLOSEPRICE="2439" WAPRICE="" CLOSE="" VOLUME="0" MARKETPRICE2="2434.2" MARKETPRICE3="2441.6" ADMITTEDQUOTE="2434.2" MP2VALTRD="5077765.8" MARKETPRICE3TRADESVALUE="4477885.9" ADMITTEDVALUE="5077765.8" WAVAL="" TRADINGSESSION="3" />
<row BOARDID="TQBR" TRADEDATE="2013-12-20" SHORTNAME="ПИФ-Рент" SECID="RU000A0JQY19" NUMTRADES="4" VALUE="95367880" OPEN="92070" LOW="89520" HIGH="93270" LEGALCLOSEPRICE="89520" WAPRICE="90050" CLOSE="89520" VOLUME="1059" MARKETPRICE2="87770" MARKETPRICE3="87770" ADMITTEDQUOTE="87770" MP2VALTRD="296561740" MARKETPRICE3TRADESVALUE="296137120" ADMITTEDVALUE="296561740" WAVAL="" TRADINGSESSION="3" />
<row BOARDID="TQBR" TRADEDATE="2013-12-20" SHORTNAME="ВАбхазии" SECID="RU000A0JR1E9" NUMTRADES="0" VALUE="0" OPEN="" LOW="" HIGH="" LEGALCLOSEPRICE="1329" WAPRICE="" CLOSE="" VOLUME="0" MARKETPRICE2="" MARKETPRICE3="1328.3" ADMITTEDQUOTE="" MP2VALTRD="0" MARKETPRICE3TRADESVALUE="3129375" ADMITTEDVALUE="0" WAVAL="" TRADINGSESSION="3" />
<row BOARDID="TQBR" TRADEDATE="2013-12-20" SHORTNAME="ИСУ-1" SECID="RU000A0JTX17" NUMTRADES="0" VALUE="0" OPEN="" LOW="" HIGH="" LEGALCLOSEPRICE="" WAPRICE="" CLOSE="" VOLUME="0" MARKETPRICE2="" MARKETPRICE3="" ADMITTEDQUOTE="" MP2VALTRD="0" MARKETPRICE3TRADESVALUE="0" ADMITTEDVALUE="0" WAVAL="" TRADINGSESSION="3" />
<row BOARDID="TQBR" TRADEDATE="2013-12-20" SHORTNAME="ИСУ-2" SECID="RU000A0JTXM2" NUMTRADES="0" VALUE="0" OPEN="" LOW="" HIGH="" LEGALCLOSEPRICE="1148200" WAPRICE="" CLOSE="" VOLUME="0" MARKETPRICE2="" MARKETPRICE3="" ADMITTEDQUOTE="" MP2VALTRD="0" MARKETPRICE3TRADESVALUE="0" ADMITTEDVALUE="0" WAVAL="" TRADINGSESSION="3" />
<row BOARDID="TQBR" TRADEDATE="2013-12-20" SHORTNAME="ИСУ ЕФГ-1" SECID="RU000A0JUA37" NUMTRADES="0" VALUE="0" OPEN="" LOW="" HIGH="" LEGALCLOSEPRICE="" WAPRICE="" CLOSE="" VOLUME="0" MARKETPRICE2="" MARKETPRICE3="" ADMITTEDQUOTE="" MP2VALTRD="0" MARKETPRICE3TRADESVALUE="0" ADMITTEDVALUE="0" WAVAL="" TRADINGSESSION="3" />
<row BOARDID="TQBR" TRADEDATE="2013-12-20" SHORTNAME="Русал рдр" SECID="RUALR" NUMTRADES="524" VALUE="10658161.9" OPEN="98.22" LOW="94" HIGH="99.5" LEGALCLOSEPRICE="94" WAPRICE="97.19" CLOSE="94.85" VOLUME="109660" MARKETPRICE2="97.19" MARKETPRICE3="97.19" ADMITTEDQUOTE="97.19" MP2VALTRD="10658161.9" MARKETPRICE3TRADESVALUE="10658161.9" ADMITTEDVALUE="10658161.9" WAVAL="" TRADINGSESSION="3" />
<row BOARDID="TQBR" TRADEDATE="2013-12-20" SHORTNAME="Сбербанк" SECID="SBER" NUMTRADES="37659" VALUE="7701798327.7" OPEN="101.85" LOW="101.31" HIGH="102.25" LEGALCLOSEPRICE="102.2" WAPRICE="101.81" CLOSE="102.2" VOLUME="75647410" MARKETPRICE2="101.81" MARKETPRICE3="101.81" ADMITTEDQUOTE="101.81" MP2VALTRD="7704984088.18" MARKETPRICE3TRADESVALUE="7704984088.18" ADMITTEDVALUE="7704984088.18" WAVAL="" TRADINGSESSION="3" />
<row BOARDID="TQBR" TRADEDATE="2013-12-20" SHORTNAME="Сбербанк-п" SECID="SBERP" NUMTRADES="9074" VALUE="1064851917" OPEN="80.06" LOW="79.55" HIGH="81.16" LEGALCLOSEPRICE="80.59" WAPRICE="80.11" CLOSE="80.57" VOLUME="13292200" MARKETPRICE2="80.11" MARKETPRICE3="80.11" ADMITTEDQUOTE="80.11" MP2VALTRD="1064606434.44" MARKETPRICE3TRADESVALUE="1064606434.44" ADMITTEDVALUE="1064606434.44" WAVAL="" TRADINGSESSION="3" />
<row BOARDID="TQBR" TRADEDATE="2013-12-20" SHORTNAME="Селигдар-п" SECID="SELGP" NUMTRADES="9" VALUE="58516920" OPEN="27.72" LOW="27.72" HIGH="27.72" LEGALCLOSEPRICE="27.72" WAPRICE="27.72" CLOSE="27.72" VOLUME="2111000" MARKETPRICE2="27.786" MARKETPRICE3="27.788" ADMITTEDQUOTE="27.786" MP2VALTRD="89135960" MARKETPRICE3TRADESVALUE="88865960" ADMITTEDVALUE="89135960" WAVAL="" TRADINGSESSION="3" />
<row BOARDID="TQBR" TRADEDATE="2013-12-20" SHORTNAME="Татнфт 3ао" SECID="TATN" NUMTRADES="5042" VALUE="276473484.8" OPEN="209.02" LOW="206.25" HIGH="209.43" LEGALCLOSEPRICE="207.94" WAPRICE="207.79" CLOSE="207.93" VOLUME="1330550" MARKETPRICE2="207.79" MARKETPRICE3="207.79" ADMITTEDQUOTE="207.79" MP2VALTRD="276237293" MARKETPRICE3TRADESVALUE="276237293" ADMITTEDVALUE="276237293" WAVAL="" TRADINGSESSION="3" />
<row BOARDID="TQBR" TRADEDATE="2013-12-20" SHORTNAME="Татнфт 3ап" SECID="TATNP" NUMTRADES="1870" VALUE="32799295.2" OPEN="117.09" LOW="116" HIGH="117.75" LEGALCLOSEPRICE="117.35" WAPRICE="116.79" CLOSE="116.67" VOLUME="280850" MARKETPRICE2="116.79" MARKETPRICE3="116.79" ADMITTEDQUOTE="116.79" MP2VALTRD="32799295.2" MARKETPRICE3TRADESVALUE="32799295.2" ADMITTEDVALUE="32799295.2" WAVAL="" TRADINGSESSION="3" />
<row BOARDID="TQBR" TRADEDATE="2013-12-20" SHORTNAME="ТГК-1" SECID="TGKA" NUMTRADES="196" VALUE="4413592.5" OPEN="0.006301" LOW="0.00624" HIGH="0.006451" LEGALCLOSEPRICE="0.00645" WAPRICE="0.006363" CLOSE="0.00645" VOLUME="693600000" MARKETPRICE2="0.006363" MARKETPRICE3="0.006363" ADMITTEDQUOTE="0.006363" MP2VALTRD="4413592.5" MARKETPRICE3TRADESVALUE="4413592.5" ADMITTEDVALUE="4413592.5" WAVAL="" TRADINGSESSION="3" />
<row BOARDID="TQBR" TRADEDATE="2013-12-20" SHORTNAME="ТМК ао" SECID="TRMK" NUMTRADES="497" VALUE="4133835.1" OPEN="95.05" LOW="90.02" HIGH="95.1" LEGALCLOSEPRICE="92.99" WAPRICE="92.96" CLOSE="94.81" VOLUME="44470" MARKETPRICE2="92.96" MARKETPRICE3="92.96" ADMITTEDQUOTE="92.96" MP2VALTRD="4133835.1" MARKETPRICE3TRADESVALUE="4133835.1" ADMITTEDVALUE="4133835.1" WAVAL="" TRADINGSESSION="3" />
<row BOARDID="TQBR" TRADEDATE="2013-12-20" SHORTNAME="Транснф ап" SECID="TRNFP" NUMTRADES="2716" VALUE="516354366" OPEN="85820" LOW="84502" HIGH="86065" LEGALCLOSEPRICE="85000" WAPRICE="85109" CLOSE="85300" VOLUME="6067" MARKETPRICE2="85119" MARKETPRICE3="85119" ADMITTEDQUOTE="85119" MP2VALTRD="525100566" MARKETPRICE3TRADESVALUE="525100566" ADMITTEDVALUE="525100566" WAVAL="" TRADINGSESSION="3" />
<row BOARDID="TQBR" TRADEDATE="2013-12-20" SHORTNAME="Уркалий-ао" SECID="URKA" NUMTRADES="16813" VALUE="1392542951.6" OPEN="170.65" LOW="169.03" HIGH="175.99" LEGALCLOSEPRICE="175.4" WAPRICE="172.95" CLOSE="175.44" VOLUME="8051680" MARKETPRICE2="172.95" MARKETPRICE3="172.95" ADMITTEDQUOTE="172.95" MP2VALTRD="1392543201.6" MARKETPRICE3TRADESVALUE="1392543201.6" ADMITTEDVALUE="1392543201.6" WAVAL="" TRADINGSESSION="3" />
<row BOARDID="TQBR" TRADEDATE="2013-12-20" SHORTNAME="ЮТэйр ао" SECID="UTAR" NUMTRADES="4" VALUE="52050" OPEN="23.65" LOW="23.65" HIGH="23.85" LEGALCLOSEPRICE="23.85" WAPRICE="23.659" CLOSE="23.85" VOLUME="2200" MARKETPRICE2="23.953" MARKETPRICE3="23.988" ADMITTEDQUOTE="23.953" MP2VALTRD="23334570.4" MARKETPRICE3TRADESVALUE="10825723" ADMITTEDVALUE="23334570.4" WAVAL="" TRADINGSESSION="3" />
<row BOARDID="TQBR" TRADEDATE="2013-12-20" SHORTNAME="ВТБ ао" SECID="VTBR" NUMTRADES="18886" VALUE="3036093696.3" OPEN="0.0478" LOW="0.04757" HIGH="0.04865" LEGALCLOSEPRICE="0.04861" WAPRICE="0.04825" CLOSE="0.04853" VOLUME="62924430000" MARKETPRICE2="0.04825" MARKETPRICE3="0.04825" ADMITTEDQUOTE="0.04825" MP2VALTRD="3041527747.9" MARKETPRICE3TRADESVALUE="3041527747.9" ADMITTEDVALUE="3041527747.9" WAVAL="" TRADINGSESSION="3" />
<row BOARDID="TQBR" TRADEDATE="2013-12-20" SHORTNAME="Возрожд-ао" SECID="VZRZ" NUMTRADES="48" VALUE="709967.2" OPEN="446.5" LOW="443" HIGH="449.9" LEGALCLOSEPRICE="449.9" WAPRICE="447.1" CLOSE="449.9" VOLUME="1588" MARKETPRICE2="447.1" MARKETPRICE3="447.1" ADMITTEDQUOTE="447.1" MP2VALTRD="709967.2" MARKETPRICE3TRADESVALUE="709967.2" ADMITTEDVALUE="709967.2" WAVAL="" TRADINGSESSION="3" />
</rows>
</data>
<data id="history.cursor">
<metadata>
<columns>
<column name="INDEX" type="int64" />
<column name="TOTAL" type="int64" />
<column name="PAGESIZE" type="int64" />
</columns>
</metadata>
<rows>
<row INDEX="0" TOTAL="54" PAGESIZE="100" />
</rows>
</data>
</document>
