id,g
1,ao
2,iy
3,dcl
4,iy
5,dcl
6,ao
7,ao
8,ao
9,sh
10,iy
11,ao
12,iy
13,iy
14,iy
15,ao
16,dcl
17,sh
18,dcl
19,dcl
20,ao
21,iy
22,aa
23,ao
24,ao
25,aa
26,ao
27,ao
28,sh
29,ao
30,ao
31,iy
32,aa
33,aa
34,dcl
35,iy
36,iy
37,iy
38,ao
39,ao
40,ao
41,iy
42,aa
43,sh
44,ao
45,sh
46,ao
47,sh
48,ao
49,sh
50,iy
51,sh
52,dcl
53,iy
54,iy
55,dcl
56,iy
57,ao
58,sh
59,iy
60,sh
61,iy
62,ao
63,sh
64,iy
65,ao
66,iy
67,sh
68,iy
69,iy
70,ao
71,iy
72,aa
73,iy
74,dcl
75,sh
76,ao
77,dcl
78,iy
79,iy
80,iy
81,ao
82,iy
83,sh
84,ao
85,ao
86,sh
87,sh
88,ao
89,dcl
90,iy
91,iy
92,iy
93,iy
94,iy
95,dcl
96,iy
97,iy
98,ao
99,ao
100,iy
101,iy
102,ao
103,ao
104,sh
105,ao
106,iy
107,dcl
108,aa
109,iy
110,sh
111,ao
112,dcl
113,iy
114,iy
115,iy
116,dcl
117,sh
118,sh
119,iy
120,ao
121,dcl
122,sh
123,iy
124,iy
125,iy
126,ao
127,sh
128,iy
129,iy
130,dcl
131,iy
132,sh
133,ao
134,sh
135,iy
136,iy
137,iy
138,aa
139,dcl
140,sh
141,dcl
142,ao
143,sh
144,ao
145,sh
146,iy
147,iy
148,ao
149,ao
150,ao
151,iy
152,ao
153,dcl
154,ao
155,ao
156,dcl
157,sh
158,sh
159,iy
160,ao
161,ao
162,iy
163,iy
164,iy
165,sh
166,dcl
167,ao
168,iy
169,ao
170,aa
171,sh
172,sh
173,sh
174,ao
175,aa
176,ao
177,aa
178,ao
179,ao
180,sh
181,iy
182,aa
183,sh
184,sh
185,iy
186,dcl
187,ao
188,iy
189,iy
190,iy
191,iy
192,sh
193,iy
194,dcl
195,ao
196,iy
197,dcl
198,iy
199,ao
200,iy
201,iy
202,ao
203,iy
204,ao
205,iy
206,ao
207,sh
208,dcl
209,ao
210,sh
211,sh
212,ao
213,dcl
214,dcl
215,iy
216,ao
217,ao
218,sh
219,aa
220,iy
221,sh
222,dcl
223,aa
224,iy
225,ao
226,iy
227,iy
228,sh
229,dcl
230,ao
231,ao
232,dcl
233,ao
234,sh
235,ao
236,sh
237,dcl
238,iy
239,aa
240,sh
241,dcl
242,ao
243,sh
244,ao
245,iy
246,iy
247,ao
248,dcl
249,iy
250,dcl
251,ao
252,aa
253,sh
254,aa
255,sh
256,sh
257,dcl
258,iy
259,aa
260,iy
261,iy
262,iy
263,aa
264,ao
265,ao
266,sh
267,dcl
268,ao
269,ao
270,ao
271,dcl
272,dcl
273,ao
274,iy
275,ao
276,sh
277,iy
278,iy
279,iy
280,iy
281,dcl
282,sh
283,iy
284,ao
285,ao
286,aa
287,dcl
288,ao
289,ao
290,iy
291,aa
292,aa
293,ao
294,sh
295,iy
296,dcl
297,aa
298,sh
299,aa
300,aa
301,aa
302,ao
303,sh
304,dcl
305,ao
306,sh
307,aa
308,sh
309,ao
310,aa
311,dcl
312,iy
313,aa
314,sh
315,ao
316,ao
317,ao
318,iy
319,iy
320,aa
321,iy
322,aa
323,sh
324,dcl
325,sh
326,sh
327,iy
328,ao
329,iy
330,aa
331,sh
332,iy
333,dcl
334,aa
335,aa
336,iy
337,iy
338,dcl
339,aa
340,aa
341,dcl
342,sh
343,aa
344,aa
345,sh
346,aa
347,dcl
348,ao
349,sh
350,dcl
351,iy
352,ao
353,ao
354,aa
355,iy
356,ao
357,ao
358,aa
359,dcl
360,iy
361,sh
362,dcl
363,iy
364,dcl
365,iy
366,ao
367,aa
368,iy
369,dcl
370,ao
371,dcl
372,dcl
373,iy
374,aa
375,ao
376,ao
377,dcl
378,iy
379,aa
380,aa
381,sh
382,ao
383,iy
384,iy
385,aa
386,dcl
387,ao
388,aa
389,aa
390,aa
391,dcl
392,aa
393,aa
394,dcl
395,iy
396,ao
397,sh
398,iy
399,dcl
400,sh
401,ao
402,aa
403,ao
404,sh
405,iy
406,iy
407,ao
408,ao
409,dcl
410,dcl
411,sh
412,iy
413,sh
414,ao
415,aa
416,aa
417,ao
418,iy
419,sh
420,ao
421,iy
422,iy
423,iy
424,aa
425,dcl
426,iy
427,dcl
428,dcl
429,sh
430,ao
431,sh
432,iy
433,iy
434,iy
435,dcl
436,dcl
437,ao
438,aa
439,iy
440,iy
441,sh
442,ao
443,sh
444,sh
445,dcl
446,iy
447,ao
448,iy
449,aa
450,iy
451,iy
452,dcl
453,ao
454,iy
455,sh
456,aa
457,aa
458,iy
459,iy
460,sh
461,aa
462,dcl
463,iy
464,dcl
465,iy
466,ao
467,iy
468,iy
469,ao
470,ao
471,sh
472,aa
473,dcl
474,sh
475,sh
476,ao
477,dcl
478,ao
479,sh
480,aa
481,iy
482,iy
483,iy
484,ao
485,iy
486,dcl
487,dcl
488,iy
489,aa
490,ao
491,sh
492,sh
493,iy
494,ao
495,aa
496,iy
497,iy
498,ao
499,aa
500,dcl
501,aa
502,sh
503,aa
504,iy
505,sh
506,iy
507,iy
508,iy
509,iy
510,sh
511,aa
512,aa
513,ao
514,sh
515,aa
516,dcl
517,iy
518,iy
519,sh
520,sh
521,aa
522,iy
523,sh
524,sh
525,dcl
526,dcl
527,dcl
528,ao
529,aa
530,dcl
531,iy
532,iy
533,aa
534,sh
535,iy
536,iy
537,iy
538,aa
539,aa
540,ao
541,sh
542,dcl
543,sh
544,iy
545,sh
546,aa
547,sh
548,sh
549,ao
550,aa
551,dcl
552,sh
553,iy
554,aa
555,aa
556,iy
557,iy
558,iy
559,iy
560,sh
561,iy
562,iy
563,aa
564,iy
565,dcl
566,aa
567,sh
568,iy
569,iy
570,iy
571,dcl
572,iy
573,iy
574,sh
575,ao
576,iy
577,iy
578,ao
579,aa
580,sh
581,dcl
582,dcl
583,dcl
584,aa
585,aa
586,aa
587,ao
588,aa
589,iy
590,aa
591,iy
592,sh
593,dcl
594,iy
595,iy
596,dcl
597,ao
598,sh
599,dcl
600,iy
601,iy
602,sh
603,aa
604,iy
605,iy
606,dcl
607,sh
608,aa
609,iy
610,ao
611,iy
612,iy
613,iy
614,dcl
615,aa
616,sh
617,aa
618,iy
619,iy
620,iy
621,dcl
622,dcl
623,aa
624,aa
625,sh
626,sh
627,ao
628,sh
629,dcl
630,aa
631,iy
632,sh
633,sh
634,dcl
635,iy
636,aa
637,aa
638,ao
639,sh
640,dcl
641,sh
642,dcl
643,iy
644,aa
645,aa
646,iy
647,dcl
648,iy
649,aa
650,iy
651,iy
652,iy
653,dcl
654,aa
655,iy
656,aa
657,iy
658,ao
659,dcl
660,iy
661,aa
662,iy
663,dcl
664,ao
665,ao
666,dcl
667,aa
668,iy
669,iy
670,iy
671,dcl
672,dcl
673,aa
674,ao
675,iy
676,sh
677,sh
678,sh
679,iy
680,iy
681,sh
682,dcl
683,aa
684,ao
685,iy
686,ao
687,dcl
688,ao
689,dcl
690,iy
691,dcl
692,sh
693,aa
694,aa
695,dcl
696,ao
697,iy
698,iy
699,dcl
700,ao
701,aa
702,aa
703,sh
704,ao
705,sh
706,dcl
707,iy
708,iy
709,aa
710,aa
711,iy
712,aa
713,ao
714,iy
715,ao
716,iy
717,iy
718,sh
719,iy
720,iy
721,ao
722,iy
723,ao
724,ao
725,iy
726,iy
727,iy
728,sh
729,ao
730,iy
731,aa
732,aa
733,iy
734,iy
735,iy
736,dcl
737,iy
738,aa
739,iy
740,iy
741,ao
742,aa
743,aa
744,aa
745,sh
746,sh
747,iy
748,iy
749,ao
750,ao
751,sh
752,iy
753,aa
754,aa
755,dcl
756,sh
757,iy
758,dcl
759,sh
760,ao
761,dcl
762,sh
763,ao
764,dcl
765,sh
766,iy
767,aa
768,aa
769,dcl
770,iy
771,sh
772,sh
773,dcl
774,aa
775,dcl
776,dcl
777,ao
778,aa
779,iy
780,dcl
781,ao
782,sh
783,aa
784,sh
785,aa
786,iy
787,iy
788,ao
789,aa
790,aa
791,ao
792,ao
793,ao
794,ao
795,ao
796,iy
797,iy
798,ao
799,ao
800,aa
801,sh
802,aa
803,dcl
804,dcl
805,ao
806,iy
807,aa
808,sh
809,iy
810,dcl
811,sh
812,aa
813,sh
814,iy
815,iy
816,sh
817,sh
818,dcl
819,ao
820,dcl
821,iy
822,dcl
823,dcl
824,sh
825,dcl
826,iy
827,aa
828,sh
829,dcl
830,dcl
831,aa
832,dcl
833,iy
834,sh
835,ao
836,dcl
837,ao
838,aa
839,aa
840,aa
841,iy
842,dcl
843,iy
844,iy
845,aa
846,sh
847,iy
848,ao
849,sh
850,ao
851,iy
852,ao
853,sh
854,iy
855,ao
856,sh
857,ao
858,sh
859,dcl
860,dcl
861,iy
862,dcl
863,dcl
864,sh
865,sh
866,dcl
867,ao
868,iy
869,ao
870,ao
871,ao
872,iy
873,dcl
874,iy
875,ao
876,ao
877,sh
878,sh
879,sh
880,iy
881,sh
882,sh
883,iy
884,ao
885,dcl
886,iy
887,iy
888,iy
889,iy
890,ao
891,iy
892,iy
893,iy
894,ao
895,ao
896,sh
897,aa
898,dcl
899,sh
900,sh
901,ao
902,sh
903,iy
904,sh
905,dcl
906,ao
907,iy
908,ao
909,iy
910,ao
911,ao
912,ao
913,dcl
914,ao
915,iy
916,iy
917,iy
918,aa
919,iy
920,ao
921,aa
922,ao
923,ao
924,iy
925,ao
926,iy
927,iy
928,iy
929,ao
930,aa
931,iy
932,aa
933,aa
934,ao
935,sh
936,iy
937,dcl
938,iy
939,ao
940,ao
941,ao
942,sh
943,dcl
944,ao
945,sh
946,iy
947,ao
948,aa
949,aa
950,sh
951,ao
952,iy
953,dcl
954,sh
955,ao
956,iy
957,ao
958,iy
959,iy
960,iy
961,iy
962,iy
963,iy
964,sh
965,dcl
966,iy
967,ao
968,iy
969,iy
970,iy
971,ao
972,sh
973,ao
974,sh
975,ao
976,ao
977,iy
978,ao
979,sh
980,dcl
981,iy
982,sh
983,ao
984,dcl
985,iy
986,iy
987,dcl
988,aa
989,sh
990,dcl
991,aa
992,iy
993,ao
994,ao
995,dcl
996,dcl
997,sh
998,sh
999,iy
1000,iy
1001,iy
1002,dcl
1003,ao
1004,ao
1005,ao
1006,ao
1007,iy
1008,dcl
1009,iy
1010,dcl
1011,iy
1012,ao
1013,sh
1014,ao
1015,ao
1016,aa
1017,ao
1018,ao
1019,ao
1020,sh
1021,iy
1022,iy
1023,ao
1024,ao
1025,dcl
1026,iy
1027,ao
1028,dcl
1029,dcl
1030,iy
1031,dcl
1032,ao
1033,iy
1034,iy
1035,iy
1036,iy
1037,aa
1038,ao
1039,iy
1040,dcl
1041,dcl
1042,iy
1043,dcl
1044,iy
1045,aa
1046,ao
1047,ao
1048,ao
1049,iy
1050,ao
1051,iy
1052,aa
1053,iy
1054,aa
1055,ao
1056,iy
1057,ao
1058,iy
1059,dcl
1060,iy
1061,ao
1062,dcl
1063,ao
1064,iy
1065,ao
1066,iy
1067,dcl
1068,aa
1069,ao
1070,ao
1071,aa
1072,iy
1073,ao
1074,sh
1075,iy
1076,dcl
1077,ao
1078,iy
1079,ao
1080,sh
1081,sh
1082,dcl
1083,iy
1084,sh
1085,sh
1086,sh
1087,sh
1088,ao
1089,ao
1090,iy
1091,iy
1092,aa
1093,ao
1094,sh
1095,aa
1096,sh
1097,dcl
1098,ao
1099,ao
1100,iy
1101,ao
1102,iy
1103,sh
1104,ao
1105,ao
1106,ao
1107,dcl
1108,iy
1109,dcl
1110,ao
1111,iy
1112,iy
1113,iy
1114,ao
1115,dcl
1116,dcl
1117,dcl
1118,ao
1119,sh
1120,aa
1121,iy
1122,iy
1123,iy
1124,iy
1125,sh
1126,ao
1127,iy
1128,ao
1129,aa
1130,sh
1131,aa
1132,iy
1133,iy
1134,aa
1135,iy
1136,iy
1137,aa
1138,dcl
1139,sh
1140,ao
1141,aa
1142,iy
1143,iy
1144,iy
1145,sh
1146,iy
1147,ao
1148,ao
1149,aa
1150,sh
1151,aa
1152,iy
1153,iy
1154,dcl
1155,iy
1156,iy
1157,ao
1158,aa
1159,sh
1160,ao
1161,iy
1162,aa
1163,sh
1164,sh
1165,sh
1166,ao
1167,iy
1168,ao
1169,iy
1170,iy
1171,aa
1172,ao
1173,sh
1174,ao
1175,iy
1176,ao
1177,iy
1178,sh
1179,ao
1180,dcl
1181,iy
1182,iy
1183,ao
1184,ao
1185,aa
1186,ao
1187,sh
1188,sh
1189,sh
1190,ao
1191,dcl
1192,sh
1193,sh
1194,sh
1195,aa
1196,dcl
1197,iy
1198,dcl
1199,dcl
1200,sh
1201,sh
1202,iy
1203,dcl
1204,iy
1205,aa
1206,ao
1207,aa
1208,iy
1209,ao
1210,iy
1211,dcl
1212,ao
1213,ao
1214,ao
1215,aa
1216,aa
1217,dcl
1218,ao
1219,iy
1220,dcl
1221,iy
1222,ao
1223,dcl
1224,ao
1225,aa
1226,ao
1227,dcl
1228,aa
1229,iy
1230,ao
1231,dcl
1232,sh
1233,ao
1234,sh
1235,ao
1236,ao
1237,iy
1238,ao
1239,iy
1240,aa
1241,sh
1242,dcl
1243,iy
1244,ao
1245,dcl
1246,sh
1247,aa
1248,iy
1249,ao
1250,aa
1251,aa
1252,ao
1253,aa
1254,ao
1255,iy
1256,dcl
1257,sh
1258,dcl
1259,dcl
1260,dcl
1261,iy
1262,sh
1263,ao
1264,iy
1265,iy
1266,dcl
1267,sh
1268,sh
1269,aa
1270,sh
1271,sh
1272,ao
1273,dcl
1274,ao
1275,iy
1276,aa
1277,aa
1278,dcl
1279,iy
1280,aa
1281,iy
1282,sh
1283,sh
1284,dcl
1285,dcl
1286,sh
1287,sh
1288,iy
1289,iy
1290,aa
1291,sh
1292,dcl
1293,ao
1294,sh
1295,sh
1296,ao
1297,dcl
1298,dcl
1299,aa
1300,iy
1301,sh
1302,iy
1303,aa
1304,dcl
1305,iy
1306,ao
1307,aa
1308,iy
1309,aa
1310,aa
1311,dcl
1312,iy
1313,dcl
1314,iy
1315,sh
1316,sh
1317,aa
1318,sh
1319,dcl
1320,dcl
1321,iy
1322,ao
1323,aa
1324,ao
1325,dcl
1326,iy
1327,dcl
1328,ao
1329,iy
1330,ao
1331,iy
1332,sh
1333,ao
1334,iy
1335,dcl
1336,iy
1337,ao
1338,ao
1339,iy
1340,ao
1341,sh
1342,iy
1343,dcl
1344,iy
1345,sh
1346,iy
1347,iy
1348,iy
1349,aa
1350,dcl
1351,iy
1352,sh
1353,sh
1354,aa
1355,sh
1356,ao
1357,dcl
1358,iy
1359,ao
1360,sh
1361,iy
1362,dcl
1363,aa
1364,aa
1365,aa
1366,dcl
1367,iy
1368,iy
1369,dcl
1370,iy
1371,iy
1372,dcl
1373,aa
1374,sh
1375,iy
1376,iy
1377,sh
1378,aa
1379,iy
1380,iy
1381,aa
1382,iy
1383,iy
1384,sh
1385,iy
1386,iy
1387,iy
1388,iy
1389,iy
1390,iy
1391,sh
1392,ao
1393,dcl
1394,ao
1395,sh
1396,ao
1397,sh
1398,sh
1399,dcl
1400,iy
1401,dcl
1402,sh
1403,iy
1404,ao
1405,dcl
1406,sh
1407,iy
1408,ao
1409,ao
1410,ao
1411,dcl
1412,ao
1413,dcl
1414,ao
1415,iy
1416,iy
1417,ao
1418,ao
1419,iy
1420,ao
1421,ao
1422,sh
1423,iy
1424,sh
1425,dcl
1426,ao
1427,aa
1428,ao
1429,aa
1430,ao
1431,aa
1432,iy
1433,iy
1434,dcl
1435,aa
1436,iy
1437,iy
1438,iy
1439,aa
1440,ao
1441,ao
1442,dcl
1443,sh
1444,aa
1445,iy
1446,sh
1447,sh
1448,ao
1449,iy
1450,ao
1451,ao
1452,iy
1453,iy
1454,sh
1455,ao
1456,sh
1457,sh
1458,aa
1459,ao
1460,iy
1461,ao
1462,sh
1463,sh
1464,iy
1465,ao
1466,iy
1467,sh
1468,iy
1469,sh
1470,iy
1471,iy
1472,iy
1473,ao
1474,sh
1475,iy
1476,ao
1477,ao
1478,ao
1479,iy
1480,dcl
1481,dcl
1482,ao
1483,sh
1484,ao
1485,iy
1486,iy
1487,iy
1488,dcl
1489,ao
1490,dcl
1491,sh
1492,dcl
1493,ao
1494,ao
1495,dcl
1496,iy
1497,ao
1498,ao
1499,sh
1500,sh
1501,sh
1502,dcl
1503,ao
1504,dcl
1505,sh
1506,ao
1507,ao
1508,ao
1509,dcl
1510,sh
1511,iy
1512,sh
1513,iy
1514,sh
1515,dcl
1516,iy
1517,dcl
1518,sh
1519,iy
1520,ao
1521,sh
1522,sh
1523,iy
1524,ao
1525,ao
1526,dcl
1527,ao
1528,ao
1529,sh
1530,iy
1531,sh
1532,iy
1533,ao
1534,ao
1535,iy
1536,sh
1537,ao
1538,ao
1539,ao
1540,dcl
1541,sh
1542,dcl
1543,dcl
1544,dcl
1545,ao
1546,sh
1547,iy
1548,dcl
1549,ao
1550,ao
1551,iy
1552,sh
1553,dcl
1554,ao
1555,iy
1556,ao
1557,sh
1558,dcl
1559,ao
1560,sh
1561,ao
1562,dcl
1563,sh
1564,dcl
1565,sh
1566,dcl
1567,sh
1568,ao
1569,dcl
1570,dcl
1571,dcl
1572,ao
1573,dcl
1574,dcl
1575,ao
1576,sh
1577,ao
1578,ao
1579,ao
1580,ao
1581,sh
1582,ao
1583,ao
1584,iy
1585,sh
1586,ao
1587,iy
1588,iy
1589,ao
1590,iy
1591,iy
1592,iy
1593,sh
1594,ao
1595,aa
1596,dcl
1597,sh
1598,sh
1599,sh
1600,iy
1601,iy
1602,iy
1603,iy
1604,iy
1605,iy
1606,ao
1607,sh
1608,iy
1609,ao
1610,sh
1611,iy
1612,iy
1613,iy
1614,sh
1615,iy
1616,iy
1617,iy
1618,ao
1619,iy
1620,iy
1621,aa
1622,aa
1623,ao
1624,iy
1625,iy
1626,iy
1627,aa
1628,iy
1629,ao
1630,dcl
1631,iy
1632,iy
1633,ao
1634,aa
1635,iy
1636,iy
1637,iy
1638,dcl
1639,sh
1640,iy
1641,iy
1642,dcl
1643,sh
1644,iy
1645,iy
1646,dcl
1647,iy
1648,iy
1649,iy
1650,ao
1651,aa
1652,aa
1653,ao
1654,iy
1655,ao
1656,ao
1657,ao
1658,sh
1659,iy
1660,sh
1661,aa
1662,ao
1663,ao
1664,sh
1665,iy
1666,sh
1667,ao
1668,iy
1669,ao
1670,ao
1671,aa
1672,iy
1673,iy
1674,sh
1675,dcl
1676,dcl
1677,iy
1678,ao
1679,dcl
1680,ao
1681,sh
1682,sh
1683,iy
1684,sh
1685,sh
1686,ao
1687,sh
1688,ao
1689,dcl
1690,ao
1691,aa
1692,sh
1693,iy
1694,ao
1695,sh
1696,sh
1697,iy
1698,sh
1699,iy
1700,iy
1701,iy
1702,iy
1703,iy
1704,dcl
1705,sh
1706,iy
1707,iy
1708,iy
1709,sh
1710,iy
1711,iy
1712,ao
1713,dcl
1714,iy
1715,sh
1716,sh
1717,iy
1718,sh
1719,ao
1720,iy
1721,sh
1722,ao
1723,iy
1724,iy
1725,iy
1726,ao
1727,iy
1728,sh
1729,iy
1730,ao
1731,iy
1732,sh
1733,iy
1734,ao
1735,sh
1736,dcl
1737,ao
1738,ao
1739,iy
1740,dcl
1741,aa
1742,ao
1743,dcl
1744,iy
1745,ao
1746,ao
1747,dcl
1748,ao
1749,ao
1750,dcl
1751,sh
1752,ao
1753,iy
1754,iy
1755,sh
1756,sh
1757,sh
1758,ao
1759,iy
1760,dcl
1761,iy
1762,iy
1763,ao
1764,sh
1765,aa
1766,ao
1767,ao
1768,dcl
1769,iy
1770,ao
1771,ao
1772,iy
1773,iy
1774,sh
1775,ao
1776,aa
1777,ao
1778,dcl
1779,aa
1780,ao
1781,sh
1782,iy
1783,aa
1784,iy
1785,dcl
1786,sh
1787,sh
1788,ao
1789,ao
1790,ao
1791,iy
1792,iy
1793,iy
1794,dcl
1795,dcl
1796,iy
1797,dcl
1798,iy
1799,iy
1800,aa
1801,sh
1802,iy
1803,ao
1804,iy
1805,sh
1806,dcl
1807,iy
1808,iy
1809,iy
1810,ao
1811,ao
1812,ao
1813,sh
1814,iy
1815,iy
1816,dcl
1817,aa
1818,dcl
1819,ao
1820,ao
1821,iy
1822,sh
1823,ao
1824,sh
1825,iy
1826,aa
1827,iy
1828,sh
1829,ao
1830,iy
1831,dcl
1832,ao
1833,ao
1834,iy
1835,ao
1836,sh
1837,dcl
1838,ao
1839,sh
1840,dcl
1841,iy
1842,ao
1843,sh
1844,iy
1845,iy
1846,iy
1847,ao
1848,ao
1849,sh
1850,iy
1851,aa
1852,ao
1853,iy
1854,iy
1855,iy
1856,ao
1857,iy
1858,sh
1859,iy
1860,ao
1861,iy
1862,dcl
1863,dcl
1864,iy
1865,iy
1866,dcl
1867,ao
1868,iy
1869,ao
1870,iy
1871,iy
1872,ao
1873,iy
1874,ao
1875,ao
1876,iy
1877,iy
1878,iy
1879,iy
1880,sh
1881,sh
1882,ao
1883,ao
1884,iy
1885,iy
1886,dcl
1887,dcl
1888,ao
1889,sh
1890,iy
1891,ao
1892,iy
1893,ao
1894,sh
1895,sh
1896,sh
1897,ao
1898,ao
1899,ao
1900,sh
1901,sh
1902,iy
1903,dcl
1904,sh
1905,iy
1906,iy
1907,ao
1908,iy
1909,iy
1910,aa
1911,sh
1912,ao
1913,dcl
1914,dcl
1915,ao
1916,iy
1917,iy
1918,dcl
1919,iy
1920,ao
1921,iy
1922,ao
1923,dcl
1924,ao
1925,iy
1926,dcl
1927,sh
1928,iy
1929,ao
1930,dcl
1931,ao
1932,iy
1933,iy
1934,dcl
1935,sh
1936,ao
1937,sh
1938,iy
1939,ao
1940,iy
1941,iy
1942,dcl
1943,dcl
1944,dcl
1945,iy
1946,sh
1947,sh
1948,dcl
1949,sh
1950,sh
1951,dcl
1952,ao
1953,dcl
1954,ao
1955,iy
1956,iy
1957,sh
1958,dcl
1959,dcl
1960,sh
1961,ao
1962,dcl
1963,dcl
1964,ao
1965,sh
1966,ao
1967,ao
1968,ao
1969,dcl
1970,ao
1971,ao
1972,iy
1973,ao
1974,ao
1975,ao
1976,sh
1977,ao
1978,ao
1979,dcl
1980,iy
1981,dcl
1982,sh
1983,iy
1984,sh
1985,iy
1986,iy
1987,sh
1988,dcl
1989,ao
1990,dcl
1991,sh
1992,ao
1993,ao
1994,dcl
1995,sh
1996,ao
1997,dcl
1998,iy
1999,iy
2000,ao
2001,sh
2002,dcl
2003,ao
2004,ao
2005,ao
2006,iy
2007,dcl
2008,iy
2009,iy
2010,iy
2011,sh
2012,ao
2013,ao
2014,dcl
2015,ao
2016,iy
2017,ao
2018,sh
2019,iy
2020,dcl
2021,ao
2022,dcl
2023,iy
2024,dcl
2025,dcl
2026,ao
2027,ao
2028,ao
2029,aa
2030,sh
2031,iy
2032,dcl
2033,iy
2034,sh
2035,iy
2036,ao
2037,aa
2038,ao
2039,ao
2040,iy
2041,sh
2042,aa
2043,dcl
2044,dcl
2045,ao
2046,dcl
2047,sh
2048,iy
2049,sh
2050,ao
2051,iy
2052,ao
2053,iy
2054,aa
2055,ao
2056,iy
2057,ao
2058,ao
2059,iy
2060,iy
2061,iy
2062,dcl
2063,iy
2064,sh
2065,ao
2066,sh
2067,dcl
2068,ao
2069,iy
2070,iy
2071,dcl
2072,sh
2073,sh
2074,sh
2075,iy
2076,sh
2077,dcl
2078,iy
2079,dcl
2080,aa
2081,aa
2082,iy
2083,aa
2084,iy
2085,ao
2086,ao
2087,iy
2088,aa
2089,sh
2090,dcl
2091,iy
2092,sh
2093,sh
2094,aa
2095,sh
2096,sh
2097,iy
2098,iy
2099,sh
2100,iy
2101,sh
2102,aa
2103,iy
2104,iy
2105,iy
2106,ao
2107,ao
2108,sh
2109,ao
2110,ao
2111,iy
2112,ao
2113,ao
2114,ao
2115,dcl
2116,sh
2117,sh
2118,iy
2119,iy
2120,dcl
2121,ao
2122,ao
2123,ao
2124,iy
2125,ao
2126,ao
2127,aa
2128,aa
2129,sh
2130,ao
2131,ao
2132,dcl
2133,aa
2134,aa
2135,sh
2136,ao
2137,aa
2138,dcl
2139,dcl
2140,aa
2141,iy
2142,iy
2143,aa
2144,sh
2145,sh
2146,iy
2147,dcl
2148,sh
2149,aa
2150,aa
2151,iy
2152,iy
2153,dcl
2154,aa
2155,aa
2156,aa
2157,aa
2158,dcl
2159,sh
2160,dcl
2161,iy
2162,sh
2163,aa
2164,dcl
2165,iy
2166,aa
2167,aa
2168,aa
2169,iy
2170,iy
2171,dcl
2172,dcl
2173,sh
2174,aa
2175,aa
2176,sh
2177,iy
2178,sh
2179,iy
2180,iy
2181,iy
2182,iy
2183,sh
2184,sh
2185,aa
2186,aa
2187,aa
2188,dcl
2189,iy
2190,aa
2191,sh
2192,aa
2193,aa
2194,aa
2195,dcl
2196,aa
2197,iy
2198,aa
2199,iy
2200,aa
2201,iy
2202,dcl
2203,dcl
2204,iy
2205,ao
2206,dcl
2207,sh
2208,dcl
2209,aa
2210,sh
2211,iy
2212,iy
2213,aa
2214,iy
2215,dcl
2216,iy
2217,aa
2218,dcl
2219,aa
2220,aa
2221,ao
2222,sh
2223,iy
2224,ao
2225,sh
2226,dcl
2227,aa
2228,iy
2229,dcl
2230,iy
2231,aa
2232,aa
2233,aa
2234,iy
2235,aa
2236,iy
2237,iy
2238,iy
2239,ao
2240,dcl
2241,sh
2242,sh
2243,iy
2244,ao
2245,aa
2246,dcl
2247,iy
2248,dcl
2249,iy
2250,aa
2251,sh
2252,aa
2253,aa
2254,sh
2255,iy
2256,iy
2257,iy
2258,iy
2259,iy
2260,sh
2261,iy
2262,aa
2263,dcl
2264,aa
2265,ao
2266,dcl
2267,aa
2268,sh
2269,sh
2270,ao
2271,iy
2272,sh
2273,iy
2274,aa
2275,iy
2276,ao
2277,ao
2278,ao
2279,iy
2280,ao
2281,ao
2282,iy
2283,ao
2284,sh
2285,ao
2286,sh
2287,ao
2288,iy
2289,dcl
2290,dcl
2291,aa
2292,dcl
2293,dcl
2294,sh
2295,aa
2296,dcl
2297,iy
2298,iy
2299,sh
2300,ao
2301,ao
2302,iy
2303,iy
2304,iy
2305,iy
2306,aa
2307,iy
2308,aa
2309,dcl
2310,iy
2311,aa
2312,dcl
2313,ao
2314,dcl
2315,ao
2316,sh
2317,aa
2318,sh
2319,iy
2320,ao
2321,ao
2322,aa
2323,sh
2324,sh
2325,dcl
2326,aa
2327,sh
2328,sh
2329,ao
2330,sh
2331,aa
2332,iy
2333,sh
2334,sh
2335,ao
2336,aa
2337,sh
2338,ao
2339,ao
2340,ao
2341,iy
2342,dcl
2343,dcl
2344,aa
2345,iy
2346,sh
2347,ao
2348,ao
2349,ao
2350,iy
2351,dcl
2352,ao
2353,sh
2354,iy
2355,aa
2356,aa
2357,ao
2358,aa
2359,ao
2360,sh
2361,ao
2362,iy
2363,dcl
2364,iy
2365,ao
2366,ao
2367,iy
2368,iy
2369,iy
2370,ao
2371,iy
2372,sh
2373,dcl
2374,ao
2375,ao
2376,ao
2377,sh
2378,sh
2379,ao
2380,iy
2381,sh
2382,aa
2383,sh
2384,ao
2385,iy
2386,sh
2387,sh
2388,dcl
2389,ao
2390,aa
2391,sh
2392,ao
2393,dcl
2394,sh
2395,aa
2396,iy
2397,iy
2398,aa
2399,iy
2400,iy
2401,iy
2402,iy
2403,dcl
2404,ao
2405,ao
2406,dcl
2407,dcl
2408,iy
2409,dcl
2410,aa
2411,dcl
2412,iy
2413,sh
2414,ao
2415,aa
2416,iy
2417,iy
2418,dcl
2419,iy
2420,iy
2421,dcl
2422,ao
2423,aa
2424,ao
2425,aa
2426,sh
2427,sh
2428,dcl
2429,ao
2430,ao
2431,dcl
2432,iy
2433,dcl
2434,sh
2435,dcl
2436,sh
2437,sh
2438,iy
2439,sh
2440,ao
2441,iy
2442,sh
2443,dcl
2444,ao
2445,dcl
2446,dcl
2447,ao
2448,ao
2449,ao
2450,dcl
2451,sh
2452,iy
2453,sh
2454,sh
2455,ao
2456,iy
2457,ao
2458,dcl
2459,iy
2460,sh
2461,ao
2462,aa
2463,sh
2464,aa
2465,ao
2466,dcl
2467,ao
2468,sh
2469,iy
2470,iy
2471,ao
2472,ao
2473,aa
2474,aa
2475,sh
2476,aa
2477,sh
2478,aa
2479,dcl
2480,sh
2481,sh
2482,dcl
2483,sh
2484,ao
2485,dcl
2486,aa
2487,ao
2488,iy
2489,aa
2490,aa
2491,dcl
2492,iy
2493,sh
2494,sh
2495,aa
2496,iy
2497,aa
2498,aa
2499,sh
2500,aa
2501,ao
2502,iy
2503,dcl
2504,dcl
2505,iy
2506,sh
2507,ao
2508,iy
2509,aa
2510,aa
2511,ao
2512,sh
2513,iy
2514,iy
2515,dcl
2516,sh
2517,sh
2518,ao
2519,sh
2520,sh
2521,sh
2522,sh
2523,iy
2524,sh
2525,aa
2526,sh
2527,aa
2528,aa
2529,aa
2530,sh
2531,dcl
2532,iy
2533,sh
2534,aa
2535,iy
2536,sh
2537,aa
2538,iy
2539,aa
2540,aa
2541,sh
2542,sh
2543,aa
2544,sh
2545,iy
2546,iy
2547,iy
2548,ao
2549,ao
2550,ao
2551,iy
2552,dcl
2553,dcl
2554,aa
2555,dcl
2556,ao
2557,aa
2558,dcl
2559,ao
2560,aa
2561,sh
2562,iy
2563,iy
2564,ao
2565,iy
2566,sh
2567,iy
2568,iy
2569,iy
2570,iy
2571,iy
2572,dcl
2573,iy
2574,aa
2575,aa
2576,iy
2577,sh
2578,iy
2579,sh
2580,ao
2581,iy
2582,iy
2583,ao
2584,iy
2585,ao
2586,iy
2587,ao
2588,ao
2589,iy
2590,ao
2591,ao
2592,iy
2593,iy
2594,ao
2595,iy
2596,ao
2597,ao
2598,ao
2599,ao
2600,dcl
2601,iy
2602,dcl
2603,iy
2604,dcl
2605,aa
2606,ao
2607,iy
2608,ao
2609,ao
2610,ao
2611,iy
2612,aa
2613,aa
2614,iy
2615,ao
2616,ao
2617,aa
2618,iy
2619,aa
2620,ao
2621,dcl
2622,iy
2623,sh
2624,sh
2625,iy
2626,ao
2627,ao
2628,aa
2629,aa
2630,ao
2631,sh
2632,ao
2633,iy
2634,ao
2635,ao
2636,ao
2637,dcl
2638,iy
2639,ao
2640,dcl
2641,iy
2642,iy
2643,iy
2644,iy
2645,ao
2646,sh
2647,sh
2648,ao
2649,dcl
2650,dcl
2651,aa
2652,dcl
2653,sh
2654,ao
2655,iy
2656,ao
2657,sh
2658,sh
2659,ao
2660,ao
2661,iy
2662,iy
2663,iy
2664,iy
2665,sh
2666,iy
2667,ao
2668,ao
2669,sh
2670,aa
2671,ao
2672,sh
2673,ao
2674,sh
2675,sh
2676,dcl
2677,ao
2678,iy
2679,aa
2680,iy
2681,ao
2682,sh
2683,iy
2684,aa
2685,dcl
2686,iy
2687,sh
2688,dcl
2689,dcl
2690,aa
2691,iy
2692,aa
2693,aa
2694,iy
2695,sh
2696,dcl
2697,ao
2698,iy
2699,iy
2700,iy
2701,sh
2702,ao
2703,dcl
2704,dcl
2705,ao
2706,dcl
2707,dcl
2708,sh
2709,iy
2710,sh
2711,sh
2712,dcl
2713,iy
2714,ao
2715,dcl
2716,ao
2717,iy
2718,dcl
2719,ao
2720,iy
2721,iy
2722,iy
2723,dcl
2724,dcl
2725,aa
2726,dcl
2727,sh
2728,aa
2729,iy
2730,dcl
2731,dcl
2732,ao
2733,ao
2734,ao
2735,iy
2736,ao
2737,iy
2738,sh
2739,iy
2740,iy
2741,dcl
2742,sh
2743,iy
2744,sh
2745,ao
2746,ao
2747,iy
2748,iy
2749,iy
2750,sh
2751,dcl
2752,aa
2753,sh
2754,sh
2755,dcl
2756,dcl
2757,iy
2758,iy
2759,iy
2760,dcl
2761,ao
2762,sh
2763,dcl
2764,dcl
2765,sh
2766,iy
2767,ao
2768,iy
2769,sh
2770,ao
2771,sh
2772,iy
2773,iy
2774,iy
2775,ao
2776,ao
2777,aa
2778,sh
2779,iy
2780,ao
2781,sh
2782,iy
2783,iy
2784,sh
2785,iy
2786,ao
2787,sh
2788,dcl
2789,aa
2790,sh
2791,dcl
2792,sh
2793,ao
2794,dcl
2795,iy
2796,ao
2797,iy
2798,aa
2799,aa
2800,dcl
2801,aa
2802,sh
2803,sh
2804,sh
2805,aa
2806,sh
2807,iy
2808,iy
2809,ao
2810,aa
2811,iy
2812,aa
2813,dcl
2814,iy
2815,aa
2816,iy
2817,iy
2818,dcl
2819,dcl
2820,sh
2821,aa
2822,sh
2823,ao
2824,iy
2825,iy
2826,iy
2827,sh
2828,iy
2829,aa
2830,dcl
2831,iy
2832,sh
2833,sh
2834,iy
2835,dcl
2836,iy
2837,ao
2838,iy
2839,iy
2840,dcl
2841,sh
2842,sh
2843,iy
2844,dcl
2845,iy
2846,iy
2847,dcl
2848,aa
2849,sh
2850,ao
2851,aa
2852,iy
2853,sh
2854,ao
2855,aa
2856,sh
2857,dcl
2858,ao
2859,aa
2860,iy
2861,iy
2862,iy
2863,aa
2864,iy
2865,iy
2866,aa
2867,iy
2868,dcl
2869,iy
2870,aa
2871,ao
2872,iy
2873,aa
2874,ao
2875,sh
2876,sh
2877,iy
2878,aa
2879,ao
2880,iy
2881,iy
2882,iy
2883,dcl
2884,aa
2885,aa
2886,aa
2887,sh
2888,iy
2889,ao
2890,sh
2891,iy
2892,ao
2893,iy
2894,iy
2895,iy
2896,dcl
2897,iy
2898,iy
2899,aa
2900,iy
2901,sh
2902,aa
2903,iy
2904,aa
2905,ao
2906,ao
2907,aa
2908,ao
2909,sh
2910,ao
2911,iy
2912,sh
2913,iy
2914,iy
2915,aa
2916,aa
2917,ao
2918,iy
2919,iy
2920,sh
2921,iy
2922,aa
2923,dcl
2924,aa
2925,ao
2926,iy
2927,ao
2928,iy
2929,sh
2930,sh
2931,iy
2932,aa
2933,iy
2934,sh
2935,ao
2936,aa
2937,aa
2938,aa
2939,ao
2940,iy
2941,iy
2942,ao
2943,iy
2944,aa
2945,iy
2946,sh
2947,sh
2948,ao
2949,iy
2950,ao
2951,sh
2952,ao
2953,iy
2954,sh
2955,sh
2956,iy
2957,iy
2958,aa
2959,sh
2960,sh
2961,iy
2962,iy
2963,iy
2964,aa
2965,ao
2966,aa
2967,sh
2968,iy
2969,iy
2970,ao
2971,iy
2972,dcl
2973,dcl
2974,sh
2975,iy
2976,sh
2977,iy
2978,sh
2979,aa
2980,aa
2981,ao
2982,aa
2983,aa
2984,dcl
2985,aa
2986,iy
2987,sh
2988,aa
2989,sh
2990,sh
2991,dcl
2992,dcl
2993,aa
2994,sh
2995,dcl
2996,iy
2997,aa
2998,iy
2999,iy
3000,aa
3001,aa
3002,sh
3003,sh
3004,aa
3005,iy
3006,aa
3007,dcl
3008,sh
3009,aa
3010,dcl
3011,aa
3012,iy
3013,ao
3014,iy
3015,sh
3016,ao
3017,dcl
3018,sh
3019,dcl
3020,aa
3021,dcl
3022,dcl
3023,sh
3024,sh
3025,aa
3026,dcl
3027,aa
3028,dcl
3029,dcl
3030,iy
3031,aa
3032,aa
3033,dcl
3034,aa
3035,dcl
3036,aa
3037,iy
3038,aa
3039,sh
3040,dcl
3041,iy
3042,sh
3043,iy
3044,iy
3045,sh
3046,dcl
3047,ao
3048,dcl
3049,iy
3050,aa
3051,aa
3052,dcl
3053,aa
3054,sh
3055,sh
3056,iy
3057,sh
3058,dcl
3059,aa
3060,iy
3061,iy
3062,iy
3063,iy
3064,aa
3065,iy
3066,sh
3067,sh
3068,aa
3069,aa
3070,iy
3071,dcl
3072,ao
3073,aa
3074,dcl
3075,sh
3076,sh
3077,iy
3078,dcl
3079,ao
3080,ao
3081,ao
3082,sh
3083,iy
3084,iy
3085,iy
3086,ao
3087,aa
3088,iy
3089,aa
3090,ao
3091,aa
3092,ao
3093,iy
3094,iy
3095,aa
3096,iy
3097,aa
3098,sh
3099,iy
3100,aa
3101,iy
3102,aa
3103,sh
3104,aa
3105,iy
3106,ao
3107,ao
3108,dcl
3109,sh
3110,iy
3111,dcl
3112,aa
3113,iy
3114,iy
3115,sh
3116,aa
3117,sh
3118,aa
3119,iy
3120,aa
3121,aa
3122,iy
3123,aa
3124,iy
3125,aa
3126,aa
3127,iy
3128,aa
3129,iy
3130,iy
3131,dcl
3132,ao
3133,aa
3134,iy
3135,aa
3136,ao
3137,sh
3138,iy
3139,sh
3140,aa
3141,iy
3142,ao
3143,dcl
3144,ao
3145,iy
3146,aa
3147,iy
3148,ao
3149,sh
3150,ao
3151,dcl
3152,aa
3153,iy
3154,iy
3155,iy
3156,dcl
3157,ao
3158,iy
3159,ao
3160,iy
3161,ao
3162,iy
3163,iy
3164,iy
3165,ao
3166,iy
3167,iy
3168,iy
3169,sh
3170,iy
3171,sh
3172,aa
3173,iy
3174,iy
3175,iy
3176,ao
3177,ao
3178,iy
3179,ao
3180,sh
3181,iy
3182,iy
3183,sh
3184,dcl
3185,sh
3186,dcl
3187,iy
3188,sh
3189,aa
3190,dcl
3191,dcl
3192,iy
3193,iy
3194,dcl
3195,iy
3196,aa
3197,sh
3198,dcl
3199,iy
3200,sh
3201,iy
3202,aa
3203,aa
3204,sh
3205,aa
3206,sh
3207,dcl
3208,iy
3209,iy
3210,iy
3211,aa
3212,aa
3213,dcl
3214,aa
3215,aa
3216,iy
3217,iy
3218,sh
3219,aa
3220,ao
3221,iy
3222,dcl
3223,dcl
3224,sh
3225,ao
3226,dcl
3227,iy
3228,iy
3229,sh
3230,ao
3231,iy
3232,iy
3233,aa
3234,sh
3235,iy
3236,dcl
3237,aa
3238,sh
3239,aa
3240,aa
3241,iy
3242,dcl
3243,sh
3244,sh
3245,aa
3246,ao
3247,sh
3248,sh
3249,iy
3250,sh
3251,iy
3252,sh
3253,dcl
3254,iy
3255,iy
3256,dcl
3257,sh
3258,dcl
3259,aa
3260,sh
3261,sh
3262,aa
3263,iy
3264,iy
3265,aa
3266,iy
3267,aa
3268,iy
3269,dcl
3270,sh
3271,ao
3272,iy
3273,aa
3274,iy
3275,aa
3276,aa
3277,ao
3278,iy
3279,aa
3280,sh
3281,ao
3282,aa
3283,sh
3284,sh
3285,aa
3286,sh
3287,iy
3288,sh
3289,sh
3290,aa
3291,aa
3292,aa
3293,iy
3294,aa
3295,aa
3296,aa
3297,sh
3298,sh
3299,iy
3300,aa
3301,dcl
3302,sh
3303,sh
3304,iy
3305,sh
3306,aa
3307,aa
3308,aa
3309,dcl
3310,iy
3311,iy
3312,iy
3313,iy
3314,aa
3315,aa
3316,aa
3317,iy
3318,dcl
3319,dcl
3320,iy
3321,sh
3322,sh
3323,dcl
3324,aa
3325,dcl
3326,iy
3327,aa
3328,iy
3329,aa
3330,sh
3331,aa
3332,iy
3333,iy
3334,aa
3335,iy
3336,sh
3337,iy
3338,aa
3339,dcl
3340,aa
3341,dcl
3342,aa
3343,iy
3344,aa
3345,aa
3346,dcl
3347,iy
3348,iy
3349,dcl
3350,iy
3351,aa
3352,dcl
3353,iy
3354,dcl
3355,aa
3356,dcl
3357,aa
3358,sh
3359,aa
3360,iy
3361,iy
3362,sh
3363,aa
3364,sh
3365,sh
3366,dcl
3367,aa
3368,aa
3369,dcl
3370,iy
3371,iy
3372,sh
3373,aa
3374,dcl
3375,dcl
3376,dcl
3377,aa
3378,iy
3379,sh
3380,aa
3381,aa
3382,aa
3383,dcl
3384,dcl
3385,ao
3386,dcl
3387,sh
3388,ao
3389,sh
3390,ao
3391,aa
3392,ao
3393,dcl
3394,aa
3395,iy
3396,iy
3397,iy
3398,sh
3399,sh
3400,iy
3401,iy
3402,iy
3403,iy
3404,ao
3405,iy
3406,iy
3407,dcl
3408,aa
3409,dcl
3410,iy
3411,aa
3412,ao
3413,iy
3414,dcl
3415,dcl
3416,sh
3417,ao
3418,sh
3419,iy
3420,ao
3421,ao
3422,ao
3423,sh
3424,sh
3425,sh
3426,iy
3427,ao
3428,aa
3429,iy
3430,dcl
3431,ao
3432,sh
3433,sh
3434,sh
3435,sh
3436,ao
3437,dcl
3438,ao
3439,iy
3440,ao
3441,aa
3442,iy
3443,sh
3444,aa
3445,iy
3446,iy
3447,iy
3448,iy
3449,iy
3450,dcl
3451,iy
3452,sh
3453,dcl
3454,aa
3455,dcl
3456,iy
3457,sh
3458,sh
3459,dcl
3460,sh
3461,dcl
3462,sh
3463,dcl
3464,iy
3465,dcl
3466,dcl
3467,dcl
3468,iy
3469,dcl
3470,iy
3471,sh
3472,sh
3473,dcl
3474,sh
3475,iy
3476,sh
3477,iy
3478,aa
3479,ao
3480,iy
3481,dcl
3482,ao
3483,iy
3484,sh
3485,ao
3486,aa
3487,ao
3488,iy
3489,iy
3490,ao
3491,iy
3492,ao
3493,iy
3494,ao
3495,ao
3496,sh
3497,dcl
3498,dcl
3499,iy
3500,aa
3501,ao
3502,aa
3503,ao
3504,iy
3505,dcl
3506,aa
3507,ao
3508,sh
3509,dcl
3510,iy
3511,iy
3512,sh
3513,iy
3514,aa
3515,ao
3516,dcl
3517,ao
3518,dcl
3519,dcl
3520,aa
3521,ao
3522,dcl
3523,sh
3524,ao
3525,sh
3526,aa
3527,dcl
3528,dcl
3529,aa
3530,aa
3531,aa
3532,ao
3533,iy
3534,sh
3535,ao
3536,ao
3537,ao
3538,dcl
3539,dcl
3540,aa
3541,ao
3542,iy
3543,sh
3544,dcl
3545,iy
3546,ao
3547,iy
3548,iy
3549,sh
3550,iy
3551,iy
3552,dcl
3553,iy
3554,aa
3555,ao
3556,iy
3557,ao
3558,sh
3559,sh
3560,sh
3561,sh
3562,sh
3563,dcl
3564,aa
3565,aa
3566,iy
3567,sh
3568,sh
3569,iy
3570,dcl
3571,ao
3572,ao
3573,aa
3574,sh
3575,iy
3576,sh
3577,ao
3578,ao
3579,iy
3580,sh
3581,sh
3582,iy
3583,iy
3584,sh
3585,sh
3586,ao
3587,iy
3588,iy
3589,aa
3590,ao
3591,iy
3592,dcl
3593,dcl
3594,sh
3595,aa
3596,aa
3597,sh
3598,dcl
3599,dcl
3600,ao
3601,aa
3602,ao
3603,ao
3604,ao
3605,dcl
3606,aa
3607,sh
3608,iy
3609,aa
3610,sh
3611,dcl
3612,iy
3613,iy
3614,iy
3615,sh
3616,dcl
3617,iy
3618,iy
3619,aa
3620,iy
3621,ao
3622,dcl
3623,ao
3624,sh
3625,ao
3626,dcl
3627,aa
3628,ao
3629,iy
3630,ao
3631,sh
3632,iy
3633,ao
3634,sh
3635,iy
3636,ao
3637,ao
3638,sh
3639,iy
3640,dcl
3641,aa
3642,iy
3643,aa
3644,iy
3645,ao
3646,iy
3647,sh
3648,iy
3649,sh
3650,ao
3651,ao
3652,ao
3653,aa
3654,iy
3655,iy
3656,aa
3657,aa
3658,ao
3659,ao
3660,sh
3661,iy
3662,dcl
3663,aa
3664,sh
3665,iy
3666,sh
3667,sh
3668,aa
3669,ao
3670,ao
3671,sh
3672,ao
3673,aa
3674,dcl
3675,ao
3676,ao
3677,sh
3678,dcl
3679,ao
3680,aa
3681,iy
3682,aa
3683,aa
3684,aa
3685,ao
3686,iy
3687,sh
3688,ao
3689,aa
3690,sh
3691,iy
3692,iy
3693,ao
3694,ao
3695,iy
3696,dcl
3697,iy
3698,dcl
3699,ao
3700,sh
3701,dcl
3702,iy
3703,iy
3704,ao
3705,ao
3706,iy
3707,iy
3708,ao
3709,sh
3710,ao
3711,ao
3712,ao
3713,sh
3714,ao
3715,iy
3716,sh
3717,dcl
3718,ao
3719,ao
3720,dcl
3721,iy
3722,iy
3723,sh
3724,dcl
3725,sh
3726,iy
3727,iy
3728,sh
3729,iy
3730,sh
3731,ao
3732,ao
3733,sh
3734,iy
3735,ao
3736,iy
3737,iy
3738,dcl
3739,ao
3740,ao
3741,iy
3742,sh
3743,ao
3744,sh
3745,sh
3746,sh
3747,iy
3748,ao
3749,iy
3750,sh
3751,ao
3752,dcl
3753,iy
3754,ao
3755,iy
3756,ao
3757,ao
3758,iy
3759,dcl
3760,ao
3761,aa
3762,iy
3763,iy
3764,ao
3765,dcl
3766,dcl
3767,ao
3768,sh
3769,iy
3770,iy
3771,ao
3772,iy
3773,sh
3774,sh
3775,ao
3776,iy
3777,iy
3778,iy
3779,ao
3780,sh
3781,dcl
3782,iy
3783,iy
3784,ao
3785,iy
3786,ao
3787,ao
3788,sh
3789,iy
3790,sh
3791,aa
3792,dcl
3793,aa
3794,sh
3795,iy
3796,dcl
3797,aa
3798,sh
3799,dcl
3800,sh
3801,dcl
3802,iy
3803,iy
3804,ao
3805,sh
3806,sh
3807,sh
3808,ao
3809,ao
3810,aa
3811,sh
3812,sh
3813,sh
3814,sh
3815,dcl
3816,ao
3817,ao
3818,dcl
3819,iy
3820,dcl
3821,ao
3822,dcl
3823,ao
3824,dcl
3825,iy
3826,ao
3827,dcl
3828,sh
3829,ao
3830,dcl
3831,ao
3832,ao
3833,ao
3834,ao
3835,sh
3836,ao
3837,ao
3838,ao
3839,aa
3840,iy
3841,ao
3842,iy
3843,iy
3844,sh
3845,ao
3846,iy
3847,ao
3848,ao
3849,iy
3850,dcl
3851,ao
3852,ao
3853,ao
3854,iy
3855,dcl
3856,ao
3857,iy
3858,sh
3859,sh
3860,iy
3861,sh
3862,ao
3863,ao
3864,sh
3865,iy
3866,sh
3867,dcl
3868,iy
3869,ao
3870,sh
3871,iy
3872,sh
3873,iy
3874,aa
3875,sh
3876,sh
3877,dcl
3878,ao
3879,sh
3880,iy
3881,iy
3882,iy
3883,ao
3884,iy
3885,aa
3886,sh
3887,sh
3888,iy
3889,ao
3890,ao
3891,ao
3892,sh
3893,ao
3894,sh
3895,sh
3896,ao
3897,sh
3898,iy
3899,sh
3900,iy
3901,iy
3902,dcl
3903,iy
3904,aa
3905,iy
3906,iy
3907,iy
3908,iy
3909,iy
3910,iy
3911,iy
3912,iy
3913,aa
3914,ao
3915,ao
3916,iy
3917,iy
3918,iy
3919,ao
3920,iy
3921,sh
3922,iy
3923,iy
3924,aa
3925,iy
3926,sh
3927,iy
3928,ao
3929,ao
3930,aa
3931,iy
3932,iy
3933,dcl
3934,ao
3935,dcl
3936,aa
3937,dcl
3938,iy
3939,sh
3940,dcl
3941,dcl
3942,sh
3943,dcl
3944,sh
3945,iy
3946,dcl
3947,dcl
3948,dcl
3949,dcl
3950,aa
3951,dcl
3952,dcl
3953,iy
3954,dcl
3955,dcl
3956,ao
3957,iy
3958,iy
3959,iy
3960,ao
3961,iy
3962,iy
3963,iy
3964,iy
3965,aa
3966,sh
3967,sh
3968,dcl
3969,dcl
3970,sh
3971,iy
3972,dcl
3973,iy
3974,sh
3975,dcl
3976,sh
3977,iy
3978,iy
3979,aa
3980,iy
3981,iy
3982,sh
3983,iy
3984,iy
3985,ao
3986,sh
3987,dcl
3988,sh
3989,aa
3990,sh
3991,sh
3992,sh
3993,aa
3994,ao
3995,aa
3996,aa
3997,sh
3998,iy
3999,aa
4000,aa
4001,dcl
4002,iy
4003,sh
4004,ao
4005,dcl
4006,iy
4007,ao
4008,sh
4009,dcl
4010,aa
4011,dcl
4012,sh
4013,aa
4014,aa
4015,ao
4016,sh
4017,aa
4018,dcl
4019,ao
4020,aa
4021,sh
4022,sh
4023,aa
4024,sh
4025,iy
4026,ao
4027,sh
4028,sh
4029,aa
4030,ao
4031,aa
4032,dcl
4033,ao
4034,aa
4035,aa
4036,aa
4037,aa
4038,iy
4039,sh
4040,aa
4041,sh
4042,dcl
4043,sh
4044,aa
4045,iy
4046,aa
4047,iy
4048,sh
4049,aa
4050,iy
4051,dcl
4052,aa
4053,aa
4054,dcl
4055,ao
4056,dcl
4057,ao
4058,iy
4059,aa
4060,ao
4061,aa
4062,aa
4063,aa
4064,aa
4065,ao
4066,aa
4067,sh
4068,dcl
4069,iy
4070,sh
4071,aa
4072,sh
4073,ao
4074,dcl
4075,iy
4076,aa
4077,aa
4078,iy
4079,iy
4080,ao
4081,iy
4082,aa
4083,dcl
4084,sh
4085,iy
4086,sh
4087,iy
4088,ao
4089,iy
4090,sh
4091,ao
4092,sh
4093,iy
4094,ao
4095,ao
4096,iy
4097,dcl
4098,iy
4099,iy
4100,sh
4101,iy
4102,dcl
4103,sh
4104,iy
4105,sh
4106,ao
4107,aa
4108,iy
4109,iy
4110,sh
4111,sh
4112,dcl
4113,iy
4114,sh
4115,sh
4116,dcl
4117,sh
4118,iy
4119,iy
4120,iy
4121,ao
4122,dcl
4123,iy
4124,sh
4125,aa
4126,iy
4127,iy
4128,ao
4129,iy
4130,ao
4131,iy
4132,sh
4133,iy
4134,iy
4135,aa
4136,sh
4137,ao
4138,iy
4139,iy
4140,iy
4141,iy
4142,ao
4143,ao
4144,sh
4145,iy
4146,iy
4147,ao
4148,iy
4149,ao
4150,iy
4151,sh
4152,sh
4153,dcl
4154,iy
4155,iy
4156,iy
4157,iy
4158,ao
4159,iy
4160,sh
4161,iy
4162,sh
4163,sh
4164,iy
4165,iy
4166,iy
4167,iy
4168,sh
4169,ao
4170,iy
4171,iy
4172,ao
4173,aa
4174,dcl
4175,dcl
4176,sh
4177,ao
4178,ao
4179,dcl
4180,dcl
4181,aa
4182,iy
4183,dcl
4184,iy
4185,sh
4186,ao
4187,dcl
4188,aa
4189,iy
4190,dcl
4191,aa
4192,dcl
4193,dcl
4194,aa
4195,ao
4196,dcl
4197,sh
4198,aa
4199,dcl
4200,ao
4201,aa
4202,sh
4203,iy
4204,aa
4205,iy
4206,iy
4207,dcl
4208,iy
4209,ao
4210,ao
4211,iy
4212,dcl
4213,aa
4214,aa
4215,ao
4216,sh
4217,iy
4218,sh
4219,aa
4220,iy
4221,dcl
4222,iy
4223,sh
4224,aa
4225,ao
4226,ao
4227,aa
4228,aa
4229,dcl
4230,sh
4231,iy
4232,sh
4233,iy
4234,dcl
4235,aa
4236,aa
4237,aa
4238,aa
4239,sh
4240,iy
4241,dcl
4242,ao
4243,sh
4244,ao
4245,ao
4246,ao
4247,dcl
4248,sh
4249,aa
4250,aa
4251,sh
4252,ao
4253,ao
4254,iy
4255,iy
4256,sh
4257,dcl
4258,aa
4259,ao
4260,dcl
4261,ao
4262,sh
4263,aa
4264,iy
4265,aa
4266,ao
4267,sh
4268,aa
4269,dcl
4270,ao
4271,aa
4272,ao
4273,aa
4274,aa
4275,ao
4276,iy
4277,ao
4278,sh
4279,iy
4280,dcl
4281,aa
4282,iy
4283,aa
4284,sh
4285,sh
4286,iy
4287,aa
4288,aa
4289,dcl
4290,dcl
4291,ao
4292,iy
4293,ao
4294,aa
4295,iy
4296,aa
4297,ao
4298,ao
4299,sh
4300,ao
4301,sh
4302,iy
4303,iy
4304,sh
4305,ao
4306,sh
4307,ao
4308,sh
4309,iy
4310,iy
4311,aa
4312,iy
4313,iy
4314,sh
4315,aa
4316,ao
4317,ao
4318,aa
4319,sh
4320,iy
4321,ao
4322,sh
4323,iy
4324,iy
4325,dcl
4326,sh
4327,ao
4328,ao
4329,iy
4330,sh
4331,ao
4332,iy
4333,iy
4334,aa
4335,aa
4336,ao
4337,aa
4338,aa
4339,sh
4340,iy
4341,ao
4342,ao
4343,sh
4344,aa
4345,dcl
4346,aa
4347,ao
4348,sh
4349,iy
4350,iy
4351,iy
4352,dcl
4353,aa
4354,aa
4355,ao
4356,aa
4357,aa
4358,ao
4359,iy
4360,sh
4361,iy
4362,iy
4363,ao
4364,dcl
4365,iy
4366,dcl
4367,iy
4368,iy
4369,iy
4370,aa
4371,sh
4372,iy
4373,sh
4374,iy
4375,dcl
4376,iy
4377,ao
4378,aa
4379,ao
4380,ao
4381,sh
4382,sh
4383,ao
4384,aa
4385,dcl
4386,iy
4387,iy
4388,ao
4389,aa
4390,ao
4391,iy
4392,iy
4393,ao
4394,iy
4395,dcl
4396,ao
4397,ao
4398,iy
4399,sh
4400,ao
4401,iy
4402,dcl
4403,iy
4404,ao
4405,dcl
4406,sh
4407,sh
4408,sh
4409,iy
4410,dcl
4411,dcl
4412,sh
4413,iy
4414,iy
4415,ao
4416,dcl
4417,dcl
4418,ao
4419,ao
4420,ao
4421,aa
4422,ao
4423,iy
4424,iy
4425,aa
4426,aa
4427,ao
4428,ao
4429,dcl
4430,dcl
4431,aa
4432,ao
4433,dcl
4434,aa
4435,ao
4436,dcl
4437,dcl
4438,sh
4439,ao
4440,dcl
4441,dcl
4442,iy
4443,dcl
4444,iy
4445,iy
4446,iy
4447,ao
4448,sh
4449,sh
4450,sh
4451,ao
4452,ao
4453,dcl
4454,dcl
4455,dcl
4456,aa
4457,iy
4458,iy
4459,sh
4460,iy
4461,iy
4462,ao
4463,aa
4464,iy
4465,sh
4466,ao
4467,aa
4468,sh
4469,iy
4470,ao
4471,dcl
4472,iy
4473,sh
4474,ao
4475,sh
4476,sh
4477,dcl
4478,sh
4479,dcl
4480,ao
4481,ao
4482,sh
4483,sh
4484,aa
4485,iy
4486,ao
4487,iy
4488,dcl
4489,dcl
4490,iy
4491,ao
4492,sh
4493,sh
4494,aa
4495,ao
4496,ao
4497,ao
4498,aa
4499,dcl
4500,aa
4501,iy
4502,sh
4503,sh
4504,iy
4505,iy
4506,ao
4507,iy
4508,iy
4509,sh
4510,iy
4511,aa
4512,sh
4513,dcl
4514,ao
4515,dcl
4516,aa
4517,dcl
4518,iy
4519,ao
4520,iy
4521,dcl
4522,sh
4523,sh
4524,iy
4525,aa
4526,iy
4527,ao
4528,iy
4529,iy
4530,sh
4531,sh
4532,dcl
4533,iy
4534,iy
4535,iy
4536,aa
4537,iy
4538,aa
4539,ao
4540,sh
4541,sh
4542,iy
4543,iy
4544,iy
4545,dcl
4546,iy
4547,iy
4548,aa
4549,aa
4550,dcl
4551,ao
4552,ao
4553,aa
4554,sh
4555,iy
4556,ao
4557,ao
4558,sh
4559,ao
4560,dcl
4561,sh
4562,iy
4563,dcl
4564,sh
4565,iy
4566,iy
4567,iy
4568,dcl
4569,iy
4570,iy
4571,ao
4572,sh
4573,ao
4574,sh
4575,dcl
4576,iy
4577,iy
4578,ao
4579,dcl
4580,sh
4581,iy
4582,sh
4583,sh
4584,dcl
4585,sh
4586,sh
4587,ao
4588,ao
4589,ao
4590,ao
4591,aa
4592,ao
4593,sh
4594,ao
4595,iy
4596,iy
4597,sh
4598,iy
4599,sh
4600,aa
4601,ao
4602,dcl
4603,ao
4604,iy
4605,dcl
4606,aa
4607,ao
4608,iy
4609,iy
4610,aa
4611,iy
4612,dcl
4613,iy
4614,aa
4615,iy
4616,ao
4617,dcl
4618,iy
4619,sh
4620,iy
4621,dcl
4622,ao
4623,ao
4624,ao
4625,ao
4626,dcl
4627,ao
4628,sh
4629,iy
4630,iy
4631,ao
4632,ao
4633,iy
4634,sh
4635,sh
4636,sh
4637,dcl
4638,sh
4639,sh
4640,sh
4641,ao
4642,sh
4643,sh
4644,sh
4645,sh
4646,ao
4647,ao
4648,dcl
4649,sh
4650,ao
4651,ao
4652,ao
4653,sh
4654,ao
4655,iy
4656,aa
4657,iy
4658,ao
4659,iy
4660,sh
4661,dcl
4662,ao
4663,iy
4664,iy
4665,iy
4666,ao
4667,iy
4668,iy
4669,ao
4670,ao
4671,ao
4672,sh
4673,ao
4674,ao
4675,ao
4676,ao
4677,sh
4678,sh
4679,aa
4680,iy
4681,iy
4682,ao
4683,dcl
4684,sh
4685,iy
4686,iy
4687,aa
4688,ao
4689,sh
4690,aa
4691,iy
4692,aa
4693,ao
4694,ao
4695,ao
4696,ao
4697,sh
4698,iy
4699,iy
4700,sh
4701,ao
4702,sh
4703,iy
4704,sh
4705,aa
4706,ao
4707,ao
4708,iy
4709,aa
4710,iy
4711,iy
4712,dcl
4713,ao
4714,dcl
4715,iy
4716,ao
4717,ao
4718,aa
4719,aa
4720,aa
4721,iy
4722,ao
4723,dcl
4724,ao
4725,aa
4726,aa
4727,aa
4728,iy
4729,aa
4730,iy
4731,sh
4732,iy
4733,dcl
4734,ao
4735,dcl
4736,iy
4737,ao
4738,ao
4739,ao
4740,dcl
4741,aa
4742,ao
4743,aa
4744,iy
4745,aa
4746,iy
4747,aa
4748,aa
4749,ao
4750,aa
4751,iy
4752,aa
4753,aa
4754,iy
4755,aa
4756,iy
4757,aa
4758,aa
4759,sh
4760,aa
4761,ao
4762,aa
4763,aa
4764,iy
4765,dcl
4766,dcl
4767,iy
4768,iy
4769,aa
4770,dcl
4771,aa
4772,dcl
4773,sh
4774,dcl
4775,iy
4776,sh
4777,iy
4778,aa
4779,aa
4780,iy
4781,iy
4782,iy
4783,aa
4784,ao
4785,aa
4786,aa
4787,iy
4788,iy
4789,iy
4790,aa
4791,iy
4792,dcl
4793,iy
4794,iy
4795,aa
4796,dcl
4797,aa
4798,iy
4799,aa
4800,dcl
4801,iy
4802,aa
4803,iy
4804,aa
4805,dcl
4806,sh
4807,dcl
4808,iy
4809,dcl
4810,aa
4811,ao
4812,ao
4813,iy
4814,aa
4815,ao
4816,sh
4817,aa
4818,aa
4819,ao
4820,dcl
4821,aa
4822,iy
4823,dcl
4824,dcl
4825,iy
4826,aa
4827,dcl
4828,sh
4829,ao
4830,iy
4831,ao
4832,iy
4833,sh
4834,ao
4835,iy
4836,iy
4837,dcl
4838,sh
4839,iy
4840,aa
4841,ao
4842,sh
4843,iy
4844,iy
4845,dcl
4846,ao
4847,iy
4848,aa
4849,ao
4850,iy
4851,iy
4852,dcl
4853,ao
4854,dcl
4855,sh
4856,aa
4857,ao
4858,iy
4859,iy
4860,dcl
4861,dcl
4862,sh
4863,ao
4864,aa
4865,sh
4866,iy
4867,aa
4868,aa
4869,sh
4870,iy
4871,iy
4872,iy
4873,ao
4874,dcl
4875,dcl
4876,ao
4877,ao
4878,ao
4879,dcl
4880,ao
4881,iy
4882,ao
4883,sh
4884,ao
4885,sh
4886,aa
4887,aa
4888,ao
4889,sh
4890,sh
4891,iy
4892,sh
4893,iy
4894,ao
4895,ao
4896,dcl
4897,iy
4898,dcl
4899,sh
4900,sh
4901,sh
4902,ao
4903,ao
4904,sh
4905,ao
4906,iy
4907,ao
4908,dcl
4909,dcl
4910,iy
4911,ao
4912,sh
4913,iy
4914,iy
4915,sh
4916,iy
4917,dcl
4918,ao
4919,aa
4920,sh
4921,sh
4922,iy
4923,dcl
4924,aa
4925,sh
4926,sh
4927,aa
4928,iy
4929,iy
4930,iy
4931,iy
4932,iy
4933,aa
4934,aa
4935,iy
4936,aa
4937,iy
4938,iy
4939,sh
4940,iy
4941,sh
4942,ao
4943,iy
4944,sh
4945,aa
4946,aa
4947,iy
4948,sh
4949,sh
4950,sh
4951,iy
4952,ao
4953,sh
4954,iy
4955,sh
4956,sh
4957,iy
4958,iy
4959,sh
4960,iy
4961,iy
4962,iy
4963,aa
4964,iy
4965,sh
4966,aa
4967,aa
4968,sh
4969,sh
4970,sh
4971,iy
4972,sh
4973,ao
4974,iy
4975,ao
4976,aa
4977,iy
4978,sh
4979,aa
4980,iy
4981,ao
4982,iy
4983,iy
4984,iy
4985,aa
4986,sh
4987,ao
4988,aa
4989,aa
4990,iy
4991,aa
4992,sh
4993,sh
4994,aa
4995,iy
4996,aa
4997,aa
4998,sh
4999,iy
5000,sh
5001,sh
5002,aa
5003,aa
5004,iy
5005,aa
5006,sh
5007,ao
5008,ao
5009,aa
5010,sh
5011,sh
5012,iy
5013,aa
5014,sh
5015,sh
5016,aa
5017,sh
5018,sh
5019,iy
5020,sh
5021,aa
5022,iy
5023,aa
5024,aa
5025,aa
5026,sh
5027,iy
5028,ao
5029,ao
5030,iy
5031,iy
5032,sh
5033,iy
5034,iy
5035,iy
5036,sh
5037,sh
5038,ao
5039,ao
5040,sh
5041,dcl
5042,iy
5043,dcl
5044,iy
5045,iy
5046,dcl
5047,iy
5048,iy
5049,ao
5050,sh
5051,dcl
5052,ao
5053,aa
5054,iy
5055,iy
5056,aa
5057,iy
5058,iy
5059,iy
5060,iy
5061,iy
5062,aa
5063,aa
5064,iy
5065,iy
5066,dcl
5067,ao
5068,sh
5069,iy
5070,sh
5071,dcl
5072,iy
5073,dcl
5074,sh
5075,ao
5076,aa
5077,ao
5078,dcl
5079,aa
5080,dcl
5081,iy
5082,dcl
5083,dcl
5084,dcl
5085,iy
5086,dcl
5087,aa
5088,ao
5089,iy
5090,ao
5091,iy
5092,dcl
5093,ao
5094,iy
5095,sh
5096,dcl
5097,sh
5098,iy
5099,ao
5100,iy
5101,ao
5102,aa
5103,iy
5104,sh
5105,ao
5106,aa
5107,dcl
5108,sh
5109,iy
5110,dcl
5111,iy
5112,ao
5113,iy
5114,sh
5115,ao
5116,dcl
5117,dcl
5118,ao
5119,iy
5120,ao
5121,dcl
5122,sh
5123,ao
5124,ao
5125,ao
5126,iy
5127,dcl
5128,iy
5129,iy
5130,ao
5131,iy
5132,aa
5133,dcl
5134,sh
5135,dcl
5136,ao
5137,iy
5138,ao
5139,sh
5140,dcl
5141,iy
5142,iy
5143,ao
5144,sh
5145,iy
5146,ao
5147,iy
5148,iy
5149,dcl
5150,sh
5151,sh
5152,ao
5153,ao
5154,dcl
5155,ao
5156,aa
5157,sh
5158,ao
5159,dcl
5160,sh
5161,ao
5162,sh
5163,ao
5164,iy
5165,iy
5166,sh
5167,sh
5168,sh
5169,sh
5170,iy
5171,sh
5172,sh
5173,dcl
5174,ao
5175,ao
5176,aa
5177,dcl
5178,ao
5179,ao
5180,dcl
5181,iy
5182,iy
5183,ao
5184,iy
5185,ao
5186,ao
5187,ao
5188,sh
5189,sh
5190,ao
5191,aa
5192,ao
5193,sh
5194,ao
5195,sh
5196,ao
5197,iy
5198,iy
5199,iy
5200,dcl
5201,dcl
5202,ao
5203,iy
5204,ao
5205,aa
5206,iy
5207,ao
5208,ao
5209,ao
5210,sh
5211,dcl
5212,ao
5213,ao
5214,ao
5215,ao
5216,iy
5217,iy
5218,sh
5219,ao
5220,ao
5221,iy
5222,iy
5223,ao
5224,iy
5225,ao
5226,dcl
5227,ao
5228,dcl
5229,aa
5230,iy
5231,sh
5232,ao
5233,iy
5234,sh
5235,iy
5236,iy
5237,ao
5238,iy
5239,aa
5240,iy
5241,ao
5242,iy
5243,iy
5244,dcl
5245,dcl
5246,iy
5247,sh
5248,dcl
5249,ao
5250,ao
5251,dcl
5252,sh
5253,sh
5254,ao
5255,dcl
5256,sh
5257,iy
5258,iy
5259,dcl
5260,sh
5261,iy
5262,sh
5263,dcl
5264,iy
5265,aa
5266,aa
5267,dcl
5268,iy
5269,sh
5270,sh
5271,iy
5272,dcl
5273,aa
5274,iy
5275,iy
5276,ao
5277,iy
5278,ao
5279,dcl
5280,iy
5281,dcl
5282,iy
5283,aa
5284,aa
5285,iy
5286,aa
5287,dcl
5288,sh
5289,dcl
5290,dcl
5291,sh
5292,iy
5293,sh
5294,iy
5295,ao
5296,sh
5297,aa
5298,iy
5299,iy
5300,sh
5301,dcl
5302,dcl
5303,sh
5304,iy
5305,sh
5306,iy
5307,aa
5308,ao
5309,ao
5310,iy
5311,ao
5312,sh
5313,ao
5314,ao
5315,iy
5316,iy
5317,iy
5318,ao
5319,iy
5320,ao
5321,iy
5322,iy
5323,ao
5324,ao
5325,iy
5326,ao
5327,ao
5328,ao
5329,iy
5330,ao
5331,iy
5332,dcl
5333,sh
5334,iy
5335,iy
5336,iy
5337,ao
5338,ao
5339,ao
5340,ao
5341,iy
5342,ao
5343,ao
5344,iy
5345,iy
5346,sh
5347,ao
5348,iy
5349,ao
5350,ao
5351,ao
5352,iy
5353,sh
5354,sh
5355,sh
5356,ao
5357,ao
5358,ao
5359,sh
5360,ao
5361,iy
5362,iy
5363,sh
5364,sh
5365,dcl
5366,ao
5367,iy
5368,ao
5369,iy
5370,sh
5371,ao
5372,ao
5373,sh
5374,ao
5375,ao
5376,ao
5377,ao
5378,iy
5379,iy
5380,iy
5381,ao
5382,ao
5383,iy
5384,sh
5385,sh
5386,iy
5387,iy
5388,ao
5389,ao
5390,iy
5391,iy
5392,sh
5393,ao
5394,sh
5395,iy
5396,sh
5397,iy
5398,ao
5399,iy
5400,sh
5401,iy
5402,sh
5403,iy
5404,ao
5405,iy
5406,sh
5407,ao
5408,sh
5409,dcl
5410,sh
5411,iy
5412,ao
5413,dcl
5414,aa
5415,iy
5416,ao
5417,dcl
5418,iy
5419,aa
5420,aa
5421,ao
5422,sh
5423,iy
5424,sh
5425,sh
5426,iy
5427,iy
5428,iy
5429,ao
5430,sh
5431,sh
5432,iy
5433,iy
5434,aa
5435,iy
5436,sh
5437,aa
5438,sh
5439,ao
5440,ao
5441,aa
5442,iy
5443,dcl
5444,dcl
5445,dcl
5446,dcl
5447,aa
5448,iy
5449,ao
5450,iy
5451,sh
5452,dcl
5453,sh
5454,iy
5455,iy
5456,iy
5457,iy
5458,iy
5459,iy
5460,iy
5461,iy
5462,sh
5463,sh
5464,iy
5465,iy
5466,iy
5467,ao
5468,iy
5469,ao
5470,iy
5471,ao
5472,ao
5473,iy
5474,sh
5475,sh
5476,iy
5477,iy
5478,ao
5479,ao
5480,iy
5481,dcl
5482,iy
5483,aa
5484,ao
5485,iy
5486,aa
5487,ao
5488,ao
5489,ao
5490,iy
5491,sh
5492,iy
5493,iy
5494,ao
5495,sh
5496,iy
5497,sh
5498,ao
5499,dcl
5500,iy
5501,ao
5502,aa
5503,ao
5504,dcl
5505,sh
5506,iy
5507,dcl
5508,iy
5509,ao
5510,iy
5511,iy
5512,sh
5513,sh
5514,iy
5515,ao
5516,aa
5517,iy
5518,iy
5519,sh
5520,aa
5521,dcl
5522,ao
5523,iy
5524,ao
5525,ao
5526,aa
5527,dcl
5528,iy
5529,aa
5530,ao
5531,aa
5532,iy
5533,iy
5534,iy
5535,sh
5536,sh
5537,dcl
5538,aa
5539,iy
5540,aa
5541,sh
5542,sh
5543,iy
5544,aa
5545,iy
5546,aa
5547,iy
5548,ao
5549,aa
5550,aa
5551,iy
5552,iy
5553,sh
5554,ao
5555,ao
5556,iy
5557,ao
5558,iy
5559,aa
5560,aa
5561,sh
5562,aa
5563,sh
5564,sh
5565,dcl
5566,aa
5567,aa
5568,sh
5569,aa
5570,aa
5571,sh
5572,sh
5573,dcl
5574,iy
5575,aa
5576,sh
5577,dcl
5578,aa
5579,iy
5580,ao
5581,ao
5582,iy
5583,sh
5584,ao
5585,iy
5586,iy
5587,aa
5588,sh
5589,aa
5590,iy
5591,dcl
5592,sh
5593,sh
5594,aa
5595,iy
5596,ao
5597,dcl
5598,sh
5599,ao
5600,ao
5601,ao
5602,dcl
5603,sh
5604,ao
5605,ao
5606,iy
5607,ao
5608,sh
5609,sh
5610,ao
5611,iy
5612,iy
5613,ao
5614,ao
5615,iy
5616,ao
5617,ao
5618,iy
5619,dcl
5620,aa
5621,ao
5622,ao
5623,ao
5624,ao
5625,iy
5626,iy
5627,ao
5628,dcl
5629,iy
5630,ao
5631,sh
5632,iy
5633,aa
5634,iy
5635,iy
5636,iy
5637,iy
5638,ao
5639,aa
5640,dcl
5641,iy
5642,ao
5643,aa
5644,ao
5645,iy
5646,iy
5647,sh
5648,aa
5649,dcl
5650,ao
5651,aa
5652,dcl
5653,ao
5654,aa
5655,ao
5656,iy
5657,sh
5658,sh
5659,sh
5660,iy
5661,dcl
5662,ao
5663,ao
5664,iy
5665,dcl
5666,ao
5667,iy
5668,aa
5669,ao
5670,sh
5671,sh
5672,dcl
5673,ao
5674,ao
5675,dcl
5676,ao
5677,dcl
5678,aa
5679,iy
5680,iy
5681,ao
5682,dcl
5683,iy
5684,sh
5685,ao
5686,sh
5687,iy
5688,sh
5689,iy
5690,ao
5691,iy
5692,ao
5693,dcl
5694,ao
5695,aa
5696,sh
5697,iy
5698,sh
5699,ao
5700,iy
5701,ao
5702,aa
5703,dcl
5704,aa
5705,ao
5706,dcl
5707,aa
5708,iy
5709,iy
5710,dcl
5711,dcl
5712,aa
5713,dcl
5714,sh
5715,sh
5716,dcl
5717,aa
5718,aa
5719,dcl
5720,ao
5721,ao
5722,sh
5723,ao
5724,ao
5725,sh
5726,iy
5727,dcl
5728,aa
5729,dcl
5730,ao
5731,dcl
5732,sh
5733,ao
5734,iy
5735,dcl
5736,ao
5737,ao
5738,ao
5739,dcl
5740,aa
5741,sh
5742,ao
5743,iy
5744,ao
5745,ao
5746,sh
5747,dcl
5748,sh
5749,aa
5750,aa
5751,ao
5752,ao
5753,aa
5754,sh
5755,aa
5756,aa
5757,iy
5758,ao
5759,aa
5760,ao
5761,ao
5762,ao
5763,aa
5764,sh
5765,aa
5766,aa
5767,sh
5768,iy
5769,ao
5770,ao
5771,aa
5772,ao
5773,ao
5774,aa
5775,iy
5776,ao
5777,iy
5778,ao
5779,aa
5780,aa
5781,ao
5782,sh
5783,aa
5784,aa
5785,ao
5786,dcl
5787,iy
5788,ao
5789,aa
5790,ao
5791,ao
5792,sh
5793,dcl
5794,sh
5795,ao
5796,iy
5797,ao
5798,ao
5799,iy
5800,ao
5801,aa
5802,ao
5803,aa
5804,aa
5805,ao
5806,dcl
5807,ao
5808,iy
5809,ao
5810,dcl
5811,sh
5812,sh
5813,ao
5814,ao
5815,sh
5816,ao
5817,dcl
5818,ao
5819,iy
5820,iy
5821,dcl
5822,sh
5823,iy
5824,dcl
5825,iy
5826,dcl
5827,iy
5828,dcl
5829,dcl
5830,dcl
5831,iy
5832,iy
5833,iy
5834,iy
5835,sh
5836,iy
5837,iy
5838,ao
5839,dcl
5840,ao
5841,iy
5842,iy
5843,iy
5844,ao
5845,sh
5846,iy
5847,iy
5848,dcl
5849,iy
5850,ao
5851,iy
5852,sh
5853,aa
5854,sh
5855,ao
5856,iy
5857,sh
5858,sh
5859,iy
5860,ao
5861,dcl
5862,sh
5863,iy
5864,iy
5865,iy
5866,dcl
5867,dcl
5868,ao
5869,dcl
5870,ao
5871,sh
5872,dcl
5873,ao
5874,ao
5875,iy
5876,iy
5877,iy
5878,ao
5879,iy
5880,sh
5881,ao
5882,sh
5883,iy
5884,dcl
5885,iy
5886,sh
5887,iy
5888,sh
5889,iy
5890,ao
5891,sh
5892,iy
5893,ao
5894,aa
5895,ao
5896,sh
5897,ao
5898,dcl
5899,sh
5900,iy
5901,aa
5902,dcl
5903,iy
5904,iy
5905,ao
5906,dcl
5907,sh
5908,sh
5909,sh
5910,ao
5911,ao
5912,ao
5913,ao
5914,dcl
5915,dcl
5916,iy
5917,dcl
5918,iy
5919,ao
5920,ao
5921,sh
5922,aa
5923,sh
5924,dcl
5925,sh
5926,ao
5927,sh
5928,sh
5929,sh
5930,dcl
5931,dcl
5932,dcl
5933,ao
5934,ao
5935,dcl
5936,aa
5937,iy
5938,sh
5939,iy
5940,sh
5941,iy
5942,ao
5943,dcl
5944,sh
5945,ao
5946,sh
5947,ao
5948,dcl
5949,iy
5950,sh
5951,iy
5952,aa
5953,ao
5954,ao
5955,iy
5956,aa
5957,iy
5958,ao
5959,iy
5960,sh
5961,aa
5962,ao
5963,sh
5964,dcl
5965,dcl
5966,dcl
5967,ao
5968,dcl
5969,dcl
5970,ao
5971,sh
5972,dcl
5973,sh
5974,iy
5975,iy
5976,ao
5977,ao
5978,iy
5979,sh
5980,dcl
5981,ao
5982,sh
5983,ao
5984,ao
5985,ao
5986,dcl
5987,sh
5988,ao
5989,ao
5990,iy
5991,dcl
5992,sh
5993,ao
5994,dcl
5995,iy
5996,dcl
5997,aa
5998,dcl
5999,aa
6000,iy
6001,aa
6002,iy
6003,iy
6004,iy
6005,iy
6006,sh
6007,iy
6008,ao
6009,aa
6010,ao
6011,ao
6012,dcl
6013,dcl
6014,iy
6015,iy
6016,ao
6017,dcl
6018,sh
6019,sh
6020,iy
6021,iy
6022,ao
6023,iy
6024,dcl
6025,iy
6026,sh
6027,iy
6028,ao
6029,iy
6030,iy
6031,iy
6032,ao
6033,iy
6034,sh
6035,ao
6036,aa
6037,aa
6038,iy
6039,ao
6040,sh
6041,aa
6042,ao
6043,ao
6044,iy
6045,dcl
6046,ao
6047,dcl
6048,iy
6049,ao
6050,ao
6051,sh
6052,aa
6053,iy
6054,iy
6055,iy
6056,sh
6057,ao
6058,iy
6059,sh
6060,iy
6061,sh
6062,dcl
6063,ao
6064,ao
6065,iy
6066,iy
6067,aa
6068,sh
6069,ao
6070,aa
6071,dcl
6072,ao
6073,iy
6074,ao
6075,iy
6076,sh
6077,dcl
6078,iy
6079,iy
6080,sh
6081,iy
6082,ao
6083,aa
6084,aa
6085,sh
6086,iy
6087,sh
6088,iy
6089,sh
6090,iy
6091,sh
6092,iy
6093,ao
6094,aa
6095,iy
6096,sh
6097,aa
6098,sh
6099,aa
6100,iy
6101,dcl
6102,sh
6103,sh
6104,ao
6105,aa
6106,ao
6107,iy
6108,ao
6109,aa
6110,iy
6111,sh
6112,ao
6113,iy
6114,aa
6115,iy
6116,aa
6117,sh
6118,iy
6119,dcl
6120,iy
6121,ao
6122,aa
6123,ao
6124,sh
6125,dcl
6126,sh
6127,dcl
6128,iy
6129,iy
6130,sh
6131,iy
6132,dcl
6133,sh
6134,iy
6135,sh
6136,aa
6137,dcl
6138,dcl
6139,aa
6140,dcl
6141,ao
6142,ao
6143,sh
6144,ao
6145,aa
6146,dcl
6147,ao
6148,sh
6149,iy
6150,iy
6151,aa
6152,iy
6153,sh
6154,iy
6155,ao
6156,iy
6157,dcl
6158,dcl
6159,aa
6160,aa
6161,ao
6162,dcl
6163,dcl
6164,iy
6165,iy
6166,iy
6167,dcl
6168,sh
6169,ao
6170,aa
6171,aa
6172,iy
6173,dcl
6174,sh
6175,iy
6176,dcl
6177,aa
6178,aa
6179,iy
6180,dcl
6181,aa
6182,iy
6183,ao
6184,dcl
6185,ao
6186,dcl
6187,sh
6188,dcl
6189,dcl
6190,dcl
6191,iy
6192,iy
6193,dcl
6194,dcl
6195,dcl
6196,iy
6197,iy
6198,ao
6199,ao
6200,aa
6201,aa
6202,dcl
6203,ao
6204,sh
6205,ao
6206,aa
6207,dcl
6208,iy
6209,sh
6210,sh
6211,dcl
6212,iy
6213,iy
6214,iy
6215,dcl
6216,aa
6217,ao
6218,sh
6219,ao
6220,ao
6221,aa
6222,dcl
6223,iy
6224,iy
6225,iy
6226,ao
6227,aa
6228,aa
6229,ao
6230,dcl
6231,sh
6232,sh
6233,aa
6234,aa
6235,dcl
6236,ao
6237,sh
6238,sh
6239,iy
6240,ao
6241,sh
6242,dcl
6243,iy
6244,sh
6245,dcl
6246,ao
6247,sh
6248,aa
6249,aa
6250,dcl
6251,dcl
6252,sh
6253,iy
6254,iy
6255,dcl
6256,ao
6257,aa
6258,aa
6259,ao
6260,iy
6261,dcl
6262,sh
6263,sh
6264,dcl
6265,dcl
6266,ao
6267,ao
6268,dcl
6269,dcl
6270,dcl
6271,iy
6272,iy
6273,dcl
6274,iy
6275,aa
6276,aa
6277,sh
6278,dcl
6279,sh
6280,sh
6281,iy
6282,aa
6283,ao
6284,dcl
6285,dcl
6286,dcl
6287,sh
6288,dcl
6289,dcl
6290,aa
6291,iy
6292,sh
6293,dcl
6294,dcl
6295,ao
6296,ao
6297,ao
6298,iy
6299,dcl
6300,ao
6301,iy
6302,sh
6303,ao
6304,ao
6305,iy
6306,ao
6307,aa
6308,iy
6309,dcl
6310,iy
6311,dcl
6312,iy
6313,iy
6314,iy
6315,sh
6316,iy
6317,iy
6318,iy
6319,ao
6320,dcl
6321,dcl
6322,sh
6323,iy
6324,sh
6325,ao
6326,aa
6327,ao
6328,sh
6329,iy
6330,dcl
6331,ao
6332,sh
6333,aa
6334,sh
6335,aa
6336,iy
6337,dcl
6338,dcl
6339,dcl
6340,iy
6341,sh
6342,ao
6343,dcl
6344,dcl
6345,aa
6346,dcl
6347,sh
6348,ao
6349,iy
6350,iy
6351,sh
6352,dcl
6353,dcl
6354,aa
6355,ao
6356,dcl
6357,iy
6358,dcl
6359,sh
6360,iy
6361,aa
6362,sh
6363,aa
6364,sh
6365,sh
6366,ao
6367,ao
6368,sh
6369,aa
6370,ao
6371,iy
6372,dcl
6373,ao
6374,aa
6375,sh
6376,sh
6377,ao
6378,sh
6379,ao
6380,ao
6381,aa
6382,sh
6383,sh
6384,aa
6385,ao
6386,ao
6387,iy
6388,sh
6389,dcl
6390,ao
6391,ao
6392,aa
6393,iy
6394,iy
6395,iy
6396,ao
6397,iy
6398,ao
6399,iy
6400,iy
6401,iy
6402,iy
6403,iy
6404,iy
6405,aa
6406,ao
6407,iy
6408,sh
6409,iy
6410,iy
6411,sh
6412,dcl
6413,iy
6414,ao
6415,iy
6416,sh
6417,iy
6418,ao
6419,ao
6420,iy
6421,sh
6422,iy
6423,iy
6424,aa
6425,ao
6426,ao
6427,ao
6428,ao
6429,dcl
6430,ao
6431,iy
6432,iy
6433,sh
6434,ao
6435,ao
6436,ao
6437,iy
6438,ao
6439,ao
6440,aa
6441,ao
6442,sh
6443,iy
6444,aa
6445,iy
6446,ao
6447,iy
6448,dcl
6449,iy
6450,iy
6451,iy
6452,dcl
6453,iy
6454,ao
6455,aa
6456,dcl
6457,aa
6458,iy
6459,sh
6460,ao
6461,ao
6462,sh
6463,sh
6464,sh
6465,ao
6466,iy
6467,dcl
6468,aa
6469,ao
6470,sh
6471,dcl
6472,ao
6473,ao
6474,ao
6475,ao
6476,dcl
6477,ao
6478,ao
6479,sh
6480,dcl
6481,dcl
6482,sh
6483,dcl
6484,aa
6485,ao
6486,iy
6487,iy
6488,iy
6489,iy
6490,dcl
6491,iy
6492,sh
6493,sh
6494,sh
6495,iy
6496,iy
6497,iy
6498,iy
6499,iy
6500,iy
6501,aa
6502,sh
6503,sh
6504,aa
6505,dcl
6506,dcl
6507,ao
6508,sh
6509,dcl
6510,aa
6511,aa
6512,aa
6513,ao
6514,dcl
6515,ao
6516,iy
6517,sh
6518,ao
6519,sh
6520,aa
6521,dcl
6522,dcl
6523,iy
6524,aa
6525,aa
6526,dcl
6527,aa
6528,aa
6529,sh
6530,ao
6531,aa
6532,iy
6533,aa
6534,aa
6535,sh
6536,aa
6537,aa
6538,sh
6539,aa
6540,iy
6541,aa
6542,sh
6543,aa
6544,sh
6545,iy
6546,ao
6547,dcl
6548,aa
6549,iy
6550,dcl
6551,ao
6552,iy
6553,ao
6554,dcl
6555,dcl
6556,dcl
6557,ao
6558,dcl
6559,sh
6560,ao
6561,dcl
6562,aa
6563,dcl
6564,iy
6565,sh
6566,dcl
6567,aa
6568,aa
6569,dcl
6570,ao
6571,dcl
6572,dcl
6573,sh
6574,ao
6575,dcl
6576,dcl
6577,aa
6578,ao
6579,iy
6580,dcl
6581,aa
6582,aa
6583,iy
6584,sh
6585,dcl
6586,aa
6587,aa
6588,ao
6589,aa
6590,aa
6591,aa
6592,dcl
6593,aa
6594,dcl
6595,aa
6596,dcl
6597,iy
6598,aa
6599,sh
6600,iy
6601,sh
6602,aa
6603,aa
6604,aa
6605,aa
6606,aa
6607,sh
6608,dcl
6609,ao
6610,iy
6611,ao
6612,sh
6613,aa
6614,ao
6615,ao
6616,sh
6617,sh
6618,aa
6619,dcl
6620,aa
6621,iy
6622,sh
6623,iy
6624,iy
6625,aa
6626,iy
6627,iy
6628,aa
6629,aa
6630,ao
6631,iy
6632,aa
6633,iy
6634,iy
6635,aa
6636,iy
6637,ao
6638,dcl
6639,iy
6640,aa
6641,iy
6642,sh
6643,ao
6644,ao
6645,iy
6646,ao
6647,aa
6648,ao
6649,ao
6650,iy
6651,iy
6652,sh
6653,aa
6654,iy
6655,ao
6656,ao
6657,ao
6658,sh
6659,dcl
6660,iy
6661,sh
6662,dcl
6663,iy
6664,ao
6665,sh
6666,sh
6667,aa
6668,ao
6669,ao
6670,aa
6671,dcl
6672,ao
6673,ao
6674,ao
6675,iy
6676,aa
6677,iy
6678,ao
6679,iy
6680,dcl
6681,aa
6682,iy
6683,sh
6684,iy
6685,sh
6686,aa
6687,aa
6688,aa
6689,dcl
6690,iy
6691,aa
6692,ao
6693,ao
6694,iy
6695,iy
6696,iy
6697,ao
6698,aa
6699,iy
6700,ao
6701,aa
6702,iy
6703,iy
6704,iy
6705,iy
6706,iy
6707,sh
6708,aa
6709,iy
6710,iy
6711,sh
6712,iy
6713,ao
6714,aa
6715,sh
6716,sh
6717,sh
6718,iy
6719,dcl
6720,sh
6721,iy
6722,ao
6723,sh
6724,iy
6725,ao
6726,sh
6727,iy
6728,ao
6729,ao
6730,iy
6731,ao
6732,ao
6733,ao
6734,ao
6735,dcl
6736,sh
6737,ao
6738,ao
6739,sh
6740,iy
6741,dcl
6742,ao
6743,dcl
6744,iy
6745,iy
6746,sh
6747,iy
6748,iy
6749,iy
6750,ao
6751,ao
6752,ao
6753,iy
6754,iy
6755,sh
6756,dcl
6757,dcl
6758,dcl
6759,sh
6760,sh
6761,ao
6762,dcl
6763,sh
6764,sh
6765,iy
6766,dcl
6767,iy
6768,iy
6769,ao
6770,iy
6771,iy
6772,iy
6773,ao
6774,iy
6775,dcl
6776,iy
6777,ao
6778,dcl
6779,ao
6780,iy
6781,iy
6782,ao
6783,ao
6784,ao
6785,iy
6786,iy
6787,ao
6788,ao
6789,dcl
6790,sh
6791,iy
6792,ao
6793,iy
6794,iy
6795,iy
6796,iy
6797,ao
6798,ao
6799,dcl
6800,sh
6801,iy
6802,iy
6803,iy
6804,sh
6805,ao
6806,sh
6807,ao
6808,iy
6809,ao
6810,iy
6811,ao
6812,sh
6813,iy
6814,dcl
6815,ao
6816,ao
6817,iy
6818,ao
6819,sh
6820,ao
6821,ao
6822,sh
6823,dcl
6824,iy
6825,iy
6826,ao
6827,ao
6828,iy
6829,ao
6830,ao
6831,sh
6832,ao
6833,sh
6834,dcl
6835,iy
6836,ao
6837,sh
6838,sh
6839,ao
6840,ao
6841,iy
6842,sh
6843,iy
6844,dcl
6845,ao
6846,ao
6847,iy
6848,ao
6849,ao
6850,iy
6851,ao
6852,iy
6853,iy
6854,iy
6855,aa
6856,aa
6857,sh
6858,sh
6859,ao
6860,iy
6861,sh
6862,dcl
6863,ao
6864,aa
6865,ao
6866,dcl
6867,iy
6868,dcl
6869,ao
6870,iy
6871,iy
6872,ao
6873,ao
6874,iy
6875,sh
6876,iy
6877,ao
6878,dcl
6879,ao
6880,dcl
6881,dcl
6882,sh
6883,ao
6884,sh
6885,iy
6886,ao
6887,sh
6888,ao
6889,iy
6890,ao
6891,sh
6892,iy
6893,iy
6894,iy
6895,sh
6896,aa
6897,dcl
6898,dcl
6899,ao
6900,ao
6901,dcl
6902,ao
6903,ao
6904,ao
6905,aa
6906,iy
6907,sh
6908,ao
6909,iy
6910,sh
6911,ao
6912,aa
6913,iy
6914,aa
6915,iy
6916,aa
6917,ao
6918,aa
6919,ao
6920,aa
6921,ao
6922,aa
6923,dcl
6924,ao
6925,iy
6926,ao
6927,iy
6928,dcl
6929,dcl
6930,sh
6931,ao
6932,iy
6933,dcl
6934,iy
6935,iy
6936,ao
6937,ao
6938,dcl
6939,ao
6940,ao
6941,sh
6942,ao
6943,iy
6944,iy
6945,ao
6946,sh
6947,iy
6948,iy
6949,iy
6950,sh
6951,aa
6952,sh
6953,iy
6954,ao
6955,aa
6956,iy
6957,aa
6958,ao
6959,ao
6960,ao
6961,ao
6962,ao
6963,iy
6964,ao
6965,ao
6966,sh
6967,dcl
6968,aa
6969,sh
6970,sh
6971,sh
6972,dcl
6973,ao
6974,ao
6975,ao
6976,ao
6977,iy
6978,iy
6979,iy
6980,iy
6981,dcl
6982,dcl
6983,dcl
6984,iy
6985,aa
6986,dcl
6987,ao
6988,dcl
6989,iy
6990,dcl
6991,iy
6992,sh
6993,dcl
6994,sh
6995,iy
6996,ao
6997,iy
6998,iy
6999,dcl
7000,iy
7001,aa
7002,sh
7003,iy
7004,dcl
7005,sh
7006,iy
7007,ao
7008,sh
7009,sh
7010,iy
7011,ao
7012,iy
7013,iy
7014,ao
7015,dcl
7016,iy
7017,ao
7018,iy
7019,ao
7020,ao
7021,ao
7022,aa
7023,iy
7024,ao
7025,sh
7026,sh
7027,dcl
7028,ao
7029,ao
7030,dcl
7031,dcl
7032,iy
7033,sh
7034,ao
7035,ao
7036,ao
7037,sh
7038,iy
7039,iy
7040,sh
7041,sh
7042,ao
7043,ao
7044,ao
7045,ao
7046,dcl
7047,iy
7048,iy
7049,iy
7050,iy
7051,aa
7052,ao
7053,sh
7054,sh
7055,aa
7056,ao
7057,sh
7058,ao
7059,dcl
7060,dcl
7061,aa
7062,iy
7063,iy
7064,iy
7065,aa
7066,dcl
7067,iy
7068,aa
7069,dcl
7070,ao
7071,sh
7072,dcl
7073,iy
7074,ao
7075,dcl
7076,dcl
7077,ao
7078,ao
7079,dcl
7080,ao
7081,ao
7082,dcl
7083,iy
7084,ao
7085,ao
7086,ao
7087,iy
7088,iy
7089,sh
7090,ao
7091,sh
7092,iy
7093,ao
7094,sh
7095,ao
7096,sh
7097,aa
7098,dcl
7099,iy
7100,aa
7101,dcl
7102,sh
7103,aa
7104,ao
7105,sh
7106,ao
7107,ao
7108,dcl
7109,ao
7110,dcl
7111,ao
7112,iy
7113,ao
7114,ao
7115,dcl
7116,dcl
7117,aa
7118,aa
7119,dcl
7120,sh
7121,ao
7122,iy
7123,ao
7124,aa
7125,ao
7126,ao
7127,ao
7128,aa
7129,ao
7130,ao
7131,sh
7132,dcl
7133,dcl
7134,ao
7135,iy
7136,dcl
7137,iy
7138,iy
7139,iy
7140,sh
7141,sh
7142,sh
7143,ao
7144,iy
7145,aa
7146,dcl
7147,iy
7148,aa
7149,ao
7150,dcl
7151,ao
7152,sh
7153,ao
7154,sh
7155,sh
7156,ao
7157,ao
7158,dcl
7159,ao
7160,iy
7161,ao
7162,ao
7163,dcl
7164,sh
7165,ao
7166,ao
7167,sh
7168,ao
7169,ao
7170,dcl
7171,iy
7172,sh
7173,iy
7174,dcl
7175,iy
7176,iy
7177,sh
7178,ao
7179,ao
7180,sh
7181,ao
7182,sh
7183,iy
7184,dcl
7185,ao
7186,sh
7187,iy
7188,ao
7189,sh
7190,iy
7191,sh
7192,ao
7193,sh
7194,dcl
7195,sh
7196,iy
7197,ao
7198,dcl
7199,dcl
7200,iy
7201,sh
7202,ao
7203,dcl
7204,ao
7205,dcl
7206,iy
7207,ao
7208,iy
7209,sh
7210,ao
7211,ao
7212,ao
7213,dcl
7214,sh
7215,iy
7216,dcl
7217,ao
7218,dcl
7219,ao
7220,sh
7221,dcl
7222,iy
7223,sh
7224,iy
7225,sh
7226,dcl
7227,dcl
7228,dcl
7229,ao
7230,ao
7231,dcl
7232,ao
7233,ao
7234,iy
7235,sh
7236,ao
7237,ao
7238,sh
7239,ao
7240,sh
7241,ao
7242,ao
7243,ao
7244,dcl
7245,iy
7246,sh
7247,sh
7248,ao
7249,iy
7250,ao
7251,dcl
7252,ao
7253,iy
7254,dcl
7255,sh
7256,ao
7257,ao
7258,ao
7259,ao
7260,ao
7261,sh
7262,ao
7263,dcl
7264,ao
7265,sh
7266,ao
7267,ao
7268,iy
7269,iy
7270,iy
7271,ao
7272,iy
7273,iy
7274,aa
7275,sh
7276,ao
7277,iy
7278,aa
7279,ao
7280,aa
7281,iy
7282,aa
7283,dcl
7284,iy
7285,iy
7286,iy
7287,aa
7288,sh
7289,ao
7290,aa
7291,ao
7292,sh
7293,dcl
7294,aa
7295,sh
7296,ao
7297,dcl
7298,ao
7299,iy
7300,ao
7301,ao
7302,ao
7303,dcl
7304,iy
7305,sh
7306,ao
7307,iy
7308,aa
7309,aa
7310,iy
7311,iy
7312,iy
7313,sh
7314,iy
7315,iy
7316,iy
7317,iy
7318,iy
7319,iy
7320,aa
7321,iy
7322,iy
7323,sh
7324,dcl
7325,ao
7326,iy
7327,dcl
7328,dcl
7329,sh
7330,iy
7331,ao
7332,dcl
7333,iy
7334,aa
7335,ao
7336,iy
7337,dcl
7338,aa
7339,ao
7340,iy
7341,sh
7342,ao
7343,ao
7344,iy
7345,ao
7346,dcl
7347,aa
7348,ao
7349,iy
7350,aa
7351,ao
7352,dcl
7353,dcl
7354,dcl
7355,aa
7356,ao
7357,ao
7358,ao
7359,aa
7360,iy
7361,aa
7362,aa
7363,ao
7364,iy
7365,aa
7366,aa
7367,aa
7368,ao
7369,aa
7370,dcl
7371,sh
7372,sh
7373,iy
7374,sh
7375,aa
7376,sh
7377,aa
7378,iy
7379,aa
7380,sh
7381,sh
7382,iy
7383,aa
7384,sh
7385,sh
7386,ao
7387,aa
7388,aa
7389,aa
7390,iy
7391,iy
7392,aa
7393,aa
7394,iy
7395,ao
7396,ao
7397,aa
7398,aa
7399,dcl
7400,aa
7401,aa
7402,aa
7403,ao
7404,aa
7405,aa
7406,aa
7407,aa
7408,sh
7409,dcl
7410,aa
7411,sh
7412,ao
7413,sh
7414,aa
7415,dcl
7416,dcl
7417,sh
7418,dcl
7419,sh
7420,aa
7421,sh
7422,dcl
7423,aa
7424,sh
7425,dcl
7426,aa
7427,dcl
7428,aa
7429,ao
7430,sh
7431,sh
7432,sh
7433,ao
7434,dcl
7435,aa
7436,sh
7437,dcl
7438,dcl
7439,aa
7440,dcl
7441,iy
7442,ao
7443,dcl
7444,dcl
7445,ao
7446,ao
7447,sh
7448,dcl
7449,sh
7450,sh
7451,dcl
7452,dcl
7453,dcl
7454,sh
7455,iy
7456,ao
7457,sh
7458,dcl
7459,ao
7460,iy
7461,ao
7462,iy
7463,aa
7464,ao
7465,sh
7466,sh
7467,dcl
7468,ao
7469,ao
7470,aa
7471,ao
7472,iy
7473,ao
7474,aa
7475,iy
7476,dcl
7477,ao
7478,sh
7479,ao
7480,sh
7481,sh
7482,ao
7483,ao
7484,sh
7485,iy
7486,iy
7487,iy
7488,sh
7489,ao
7490,iy
7491,ao
7492,aa
7493,aa
7494,ao
7495,dcl
7496,iy
7497,sh
7498,aa
7499,sh
7500,dcl
7501,sh
7502,ao
7503,dcl
7504,dcl
7505,sh
7506,dcl
7507,sh
7508,dcl
7509,ao
7510,dcl
7511,ao
7512,dcl
7513,dcl
7514,iy
7515,sh
7516,sh
7517,ao
7518,ao
7519,sh
7520,iy
7521,sh
7522,dcl
7523,sh
7524,iy
7525,iy
7526,sh
7527,sh
7528,ao
7529,aa
7530,ao
7531,ao
7532,dcl
7533,iy
7534,aa
7535,iy
7536,aa
7537,sh
7538,iy
7539,iy
7540,aa
7541,sh
7542,ao
7543,dcl
7544,iy
7545,iy
7546,ao
7547,ao
7548,ao
7549,dcl
7550,dcl
7551,dcl
7552,dcl
7553,iy
7554,iy
7555,iy
7556,iy
7557,ao
7558,dcl
7559,sh
7560,sh
7561,dcl
7562,ao
7563,aa
7564,aa
7565,iy
7566,dcl
7567,aa
7568,iy
7569,aa
7570,iy
7571,iy
7572,ao
7573,ao
7574,iy
7575,sh
7576,ao
7577,iy
7578,ao
7579,dcl
7580,aa
7581,dcl
7582,sh
7583,sh
7584,iy
7585,ao
7586,aa
7587,dcl
7588,dcl
7589,ao
7590,sh
7591,sh
7592,ao
7593,iy
7594,ao
7595,iy
7596,sh
7597,sh
7598,sh
7599,ao
7600,dcl
7601,aa
7602,ao
7603,iy
7604,iy
7605,ao
7606,iy
7607,dcl
7608,dcl
7609,ao
7610,sh
7611,ao
7612,sh
7613,ao
7614,iy
7615,aa
7616,iy
7617,ao
7618,aa
7619,aa
7620,ao
7621,sh
7622,sh
7623,iy
7624,aa
7625,sh
7626,sh
7627,dcl
7628,iy
7629,iy
7630,aa
7631,aa
7632,sh
7633,sh
7634,dcl
7635,aa
7636,dcl
7637,ao
7638,ao
7639,iy
7640,iy
7641,iy
7642,ao
7643,sh
7644,aa
7645,sh
7646,ao
7647,ao
7648,aa
7649,ao
7650,ao
7651,iy
7652,iy
7653,aa
7654,aa
7655,iy
7656,aa
7657,dcl
7658,sh
7659,aa
7660,dcl
7661,sh
7662,sh
7663,ao
7664,ao
7665,ao
7666,dcl
7667,iy
7668,dcl
7669,iy
7670,iy
7671,dcl
7672,iy
7673,sh
7674,dcl
7675,iy
7676,dcl
7677,sh
7678,iy
7679,ao
7680,iy
7681,dcl
7682,iy
7683,ao
7684,ao
7685,ao
7686,dcl
7687,dcl
7688,dcl
7689,ao
7690,ao
7691,ao
7692,ao
7693,iy
7694,sh
7695,ao
7696,iy
7697,ao
7698,iy
7699,ao
7700,ao
7701,sh
7702,ao
7703,dcl
7704,ao
7705,ao
7706,ao
7707,iy
7708,iy
7709,sh
7710,ao
7711,iy
7712,sh
7713,iy
7714,ao
7715,dcl
7716,ao
7717,sh
7718,iy
7719,ao
7720,iy
7721,ao
7722,ao
7723,iy
7724,dcl
7725,dcl
7726,ao
7727,sh
7728,iy
7729,iy
7730,ao
7731,dcl
7732,dcl
7733,dcl
7734,dcl
7735,iy
7736,iy
7737,iy
7738,sh
7739,sh
7740,sh
7741,dcl
7742,iy
7743,ao
7744,ao
7745,dcl
7746,ao
7747,iy
7748,ao
7749,sh
7750,iy
7751,dcl
7752,ao
7753,iy
7754,sh
7755,iy
7756,iy
7757,dcl
7758,ao
7759,sh
7760,iy
7761,ao
7762,dcl
7763,sh
7764,iy
7765,iy
7766,ao
7767,iy
7768,sh
7769,dcl
7770,sh
7771,ao
7772,iy
7773,ao
7774,ao
7775,ao
7776,iy
7777,iy
7778,iy
7779,sh
7780,iy
7781,dcl
7782,sh
7783,aa
7784,aa
7785,iy
7786,iy
7787,sh
7788,aa
7789,iy
7790,iy
7791,ao
7792,iy
7793,sh
7794,aa
7795,sh
7796,aa
7797,sh
7798,iy
7799,iy
7800,iy
7801,sh
7802,dcl
7803,ao
7804,iy
7805,dcl
7806,iy
7807,iy
7808,sh
7809,aa
7810,ao
7811,sh
7812,iy
7813,iy
7814,aa
7815,iy
7816,ao
7817,dcl
7818,aa
7819,aa
7820,sh
7821,sh
7822,iy
7823,ao
7824,sh
7825,sh
7826,sh
7827,aa
7828,iy
7829,iy
7830,iy
7831,sh
7832,ao
7833,iy
7834,iy
7835,ao
7836,sh
7837,sh
7838,ao
7839,dcl
7840,ao
7841,iy
7842,aa
7843,dcl
7844,iy
7845,sh
7846,aa
7847,iy
7848,sh
7849,sh
7850,ao
7851,aa
7852,iy
7853,aa
7854,iy
7855,ao
7856,sh
7857,sh
7858,ao
7859,iy
7860,sh
7861,ao
7862,iy
7863,sh
7864,sh
7865,iy
7866,ao
7867,aa
7868,iy
7869,ao
7870,sh
7871,aa
7872,aa
7873,ao
7874,sh
7875,aa
7876,ao
7877,dcl
7878,sh
7879,sh
7880,sh
7881,sh
7882,aa
7883,ao
7884,sh
7885,aa
7886,aa
7887,sh
7888,iy
7889,ao
7890,iy
7891,aa
7892,sh
7893,aa
7894,ao
7895,iy
7896,iy
7897,dcl
7898,iy
7899,sh
7900,aa
7901,aa
7902,aa
7903,dcl
7904,sh
7905,aa
7906,iy
7907,iy
7908,sh
7909,iy
7910,ao
7911,ao
7912,sh
7913,aa
7914,iy
7915,iy
7916,ao
7917,iy
7918,dcl
7919,sh
7920,sh
7921,sh
7922,sh
7923,iy
7924,iy
7925,aa
7926,aa
7927,sh
7928,ao
7929,sh
7930,aa
7931,dcl
7932,dcl
7933,iy
7934,iy
7935,ao
7936,sh
7937,iy
7938,ao
7939,iy
7940,sh
7941,iy
7942,iy
7943,aa
7944,ao
7945,aa
7946,sh
7947,iy
7948,dcl
7949,aa
7950,aa
7951,ao
7952,ao
7953,iy
7954,iy
7955,aa
7956,dcl
7957,ao
7958,dcl
7959,iy
7960,ao
7961,sh
7962,aa
7963,iy
7964,aa
7965,aa
7966,ao
7967,dcl
7968,aa
7969,sh
7970,aa
7971,ao
7972,ao
7973,aa
7974,aa
7975,sh
7976,sh
7977,dcl
7978,dcl
7979,sh
7980,ao
7981,ao
7982,dcl
7983,aa
7984,dcl
7985,dcl
7986,dcl
7987,sh
7988,ao
7989,iy
7990,dcl
7991,ao
7992,dcl
7993,sh
7994,sh
7995,iy
7996,aa
7997,ao
7998,sh
7999,aa
8000,iy
8001,aa
8002,aa
8003,aa
8004,sh
8005,aa
8006,ao
8007,iy
8008,ao
8009,sh
8010,sh
8011,sh
8012,dcl
8013,aa
8014,dcl
8015,dcl
8016,sh
8017,aa
8018,sh
8019,dcl
8020,aa
8021,dcl
8022,aa
8023,ao
8024,iy
8025,aa
8026,dcl
8027,sh
8028,dcl
8029,dcl
8030,iy
8031,dcl
8032,aa
8033,sh
8034,sh
8035,aa
8036,ao
8037,sh
8038,aa
8039,ao
8040,dcl
8041,aa
8042,dcl
8043,dcl
8044,sh
8045,sh
8046,ao
8047,aa
8048,aa
8049,iy
8050,ao
8051,sh
8052,iy
8053,ao
8054,iy
8055,sh
8056,sh
8057,ao
8058,iy
8059,sh
8060,iy
8061,ao
8062,iy
8063,iy
8064,dcl
8065,sh
8066,dcl
8067,ao
8068,iy
8069,ao
8070,aa
8071,sh
8072,sh
8073,sh
8074,iy
8075,sh
8076,iy
8077,ao
8078,iy
8079,sh
8080,aa
8081,iy
8082,ao
8083,iy
8084,sh
8085,sh
8086,aa
8087,aa
8088,dcl
8089,aa
8090,iy
8091,iy
8092,iy
8093,dcl
8094,dcl
8095,iy
8096,sh
8097,ao
8098,aa
8099,dcl
8100,ao
8101,dcl
8102,aa
8103,ao
8104,iy
8105,iy
8106,aa
8107,ao
8108,dcl
8109,sh
8110,iy
8111,iy
8112,ao
8113,sh
8114,sh
8115,dcl
8116,dcl
8117,ao
8118,iy
8119,aa
8120,iy
8121,ao
8122,aa
8123,iy
8124,iy
8125,iy
8126,aa
8127,iy
8128,aa
8129,sh
8130,dcl
8131,iy
8132,ao
8133,sh
8134,dcl
8135,iy
8136,iy
8137,iy
8138,ao
8139,iy
8140,sh
8141,aa
8142,ao
8143,dcl
8144,dcl
8145,aa
8146,sh
8147,ao
8148,iy
8149,sh
8150,dcl
8151,iy
8152,aa
8153,iy
8154,ao
8155,iy
8156,dcl
8157,iy
8158,sh
8159,ao
8160,sh
8161,dcl
8162,sh
8163,ao
8164,dcl
8165,ao
8166,sh
8167,dcl
8168,sh
8169,iy
8170,aa
8171,sh
8172,sh
8173,ao
8174,iy
8175,ao
8176,iy
8177,sh
8178,iy
8179,sh
8180,aa
8181,sh
8182,iy
8183,ao
8184,sh
8185,sh
8186,sh
8187,sh
8188,ao
8189,sh
8190,ao
8191,dcl
8192,ao
8193,iy
8194,aa
8195,dcl
8196,ao
8197,dcl
8198,iy
8199,ao
8200,iy
8201,dcl
8202,sh
8203,iy
8204,sh
8205,iy
8206,aa
8207,iy
8208,ao
8209,ao
8210,aa
8211,sh
8212,dcl
8213,ao
8214,iy
8215,dcl
8216,aa
8217,dcl
8218,sh
8219,ao
8220,iy
8221,ao
8222,dcl
8223,dcl
8224,ao
8225,aa
8226,dcl
8227,iy
8228,ao
8229,sh
8230,ao
8231,ao
8232,ao
8233,iy
8234,aa
8235,dcl
8236,iy
8237,dcl
8238,ao
8239,ao
8240,ao
8241,ao
8242,iy
8243,sh
8244,ao
8245,iy
8246,iy
8247,dcl
8248,iy
8249,iy
8250,ao
8251,sh
8252,iy
8253,sh
8254,ao
8255,iy
8256,dcl
8257,sh
8258,sh
8259,ao
8260,ao
8261,ao
8262,ao
8263,ao
8264,iy
8265,aa
8266,aa
8267,aa
8268,iy
8269,ao
8270,ao
8271,ao
8272,iy
8273,iy
8274,ao
8275,dcl
8276,iy
8277,ao
8278,sh
8279,iy
8280,sh
8281,ao
8282,iy
8283,dcl
8284,dcl
8285,dcl
8286,aa
8287,dcl
8288,sh
8289,iy
8290,iy
8291,dcl
8292,iy
8293,aa
8294,sh
8295,dcl
8296,ao
8297,ao
8298,ao
8299,sh
8300,iy
8301,dcl
8302,aa
8303,dcl
8304,dcl
8305,dcl
8306,aa
8307,aa
8308,dcl
8309,sh
8310,sh
8311,sh
8312,ao
8313,ao
8314,ao
8315,dcl
8316,dcl
8317,dcl
8318,ao
8319,ao
8320,dcl
8321,dcl
8322,ao
8323,dcl
8324,iy
8325,ao
8326,dcl
8327,sh
8328,dcl
8329,sh
8330,ao
8331,dcl
8332,ao
8333,iy
8334,iy
8335,dcl
8336,iy
8337,aa
8338,dcl
8339,sh
8340,ao
8341,ao
8342,ao
8343,ao
8344,dcl
8345,ao
8346,sh
8347,sh
8348,ao
8349,ao
8350,sh
8351,dcl
8352,dcl
8353,ao
8354,sh
8355,sh
8356,iy
8357,dcl
8358,sh
8359,ao
8360,iy
8361,aa
8362,iy
8363,aa
8364,iy
8365,sh
8366,aa
8367,iy
8368,aa
8369,aa
8370,sh
8371,iy
8372,aa
8373,iy
8374,iy
8375,sh
8376,aa
8377,dcl
8378,ao
8379,dcl
8380,iy
8381,aa
8382,aa
8383,iy
8384,iy
8385,aa
8386,sh
8387,dcl
8388,sh
8389,sh
8390,dcl
8391,aa
8392,iy
8393,sh
8394,sh
8395,sh
8396,iy
8397,iy
8398,iy
8399,iy
8400,ao
8401,sh
8402,sh
8403,dcl
8404,dcl
8405,sh
8406,sh
8407,aa
8408,iy
8409,aa
8410,dcl
8411,ao
8412,iy
8413,dcl
8414,aa
8415,aa
8416,aa
8417,iy
8418,iy
8419,aa
8420,iy
8421,sh
8422,aa
8423,iy
8424,aa
8425,dcl
8426,sh
8427,iy
8428,sh
8429,iy
8430,iy
8431,iy
8432,ao
8433,sh
8434,iy
8435,iy
8436,aa
8437,aa
8438,sh
8439,aa
8440,aa
8441,aa
8442,iy
8443,ao
8444,aa
8445,aa
8446,sh
8447,aa
8448,iy
8449,aa
8450,iy
8451,aa
8452,iy
8453,iy
8454,aa
8455,ao
8456,iy
8457,ao
8458,dcl
8459,iy
8460,iy
8461,iy
8462,ao
8463,sh
8464,sh
8465,ao
8466,sh
8467,iy
8468,iy
8469,dcl
8470,iy
8471,ao
8472,iy
8473,dcl
8474,sh
8475,dcl
8476,ao
8477,ao
8478,dcl
8479,ao
8480,iy
8481,iy
8482,dcl
8483,iy
8484,ao
8485,ao
8486,ao
8487,iy
8488,ao
8489,iy
8490,dcl
8491,ao
8492,ao
8493,iy
8494,sh
8495,iy
8496,sh
8497,ao
8498,ao
8499,sh
8500,ao
8501,iy
8502,ao
8503,iy
8504,sh
8505,ao
8506,ao
8507,iy
8508,aa
8509,ao
8510,iy
8511,dcl
8512,aa
8513,ao
8514,ao
8515,ao
8516,iy
8517,aa
8518,iy
8519,iy
8520,iy
8521,iy
8522,iy
8523,ao
8524,sh
8525,aa
8526,sh
8527,ao
8528,ao
8529,ao
8530,ao
8531,ao
8532,iy
8533,ao
8534,iy
8535,ao
8536,ao
8537,dcl
8538,iy
8539,sh
8540,iy
8541,dcl
8542,ao
8543,sh
8544,iy
8545,ao
8546,sh
8547,ao
8548,iy
8549,ao
8550,sh
8551,iy
8552,ao
8553,ao
8554,sh
8555,ao
8556,ao
8557,iy
8558,ao
8559,sh
8560,sh
8561,sh
8562,ao
8563,dcl
8564,aa
8565,aa
8566,aa
8567,aa
8568,ao
8569,sh
8570,iy
8571,iy
8572,iy
8573,sh
8574,aa
8575,aa
8576,iy
8577,sh
8578,sh
8579,aa
8580,dcl
8581,aa
8582,aa
8583,ao
8584,dcl
8585,aa
8586,aa
8587,sh
8588,sh
8589,sh
8590,sh
8591,aa
8592,ao
8593,dcl
8594,iy
8595,iy
8596,iy
8597,aa
8598,iy
8599,iy
8600,aa
8601,sh
8602,sh
8603,aa
8604,ao
8605,aa
8606,aa
8607,aa
8608,ao
8609,iy
8610,ao
8611,ao
8612,iy
8613,iy
8614,iy
8615,iy
8616,iy
8617,aa
8618,dcl
8619,ao
8620,iy
8621,ao
8622,ao
8623,aa
8624,ao
8625,iy
8626,iy
8627,ao
8628,dcl
8629,aa
8630,sh
8631,iy
8632,ao
8633,sh
8634,aa
8635,aa
8636,aa
8637,iy
8638,iy
8639,iy
8640,sh
8641,ao
8642,sh
8643,sh
8644,sh
8645,sh
8646,aa
8647,ao
8648,iy
8649,iy
8650,iy
8651,iy
8652,aa
8653,iy
8654,sh
8655,sh
8656,iy
8657,iy
8658,sh
8659,aa
8660,iy
8661,iy
8662,aa
8663,ao
8664,sh
8665,sh
8666,dcl
8667,iy
8668,iy
8669,iy
8670,iy
8671,ao
8672,sh
8673,sh
8674,iy
8675,dcl
8676,ao
8677,iy
8678,dcl
8679,ao
8680,sh
8681,iy
8682,iy
8683,iy
8684,aa
8685,aa
8686,sh
8687,ao
8688,sh
8689,iy
8690,iy
8691,aa
8692,iy
8693,iy
8694,ao
8695,iy
8696,iy
8697,iy
8698,iy
8699,iy
8700,ao
8701,ao
8702,iy
8703,ao
8704,sh
8705,sh
8706,ao
8707,dcl
8708,ao
8709,iy
8710,iy
8711,aa
8712,sh
8713,sh
8714,iy
8715,iy
8716,iy
8717,ao
8718,ao
8719,ao
8720,dcl
8721,sh
8722,sh
8723,sh
8724,aa
8725,ao
8726,dcl
8727,iy
8728,iy
8729,iy
8730,dcl
8731,ao
8732,iy
8733,iy
8734,ao
8735,iy
8736,aa
8737,iy
8738,dcl
8739,sh
8740,ao
8741,iy
8742,iy
8743,ao
8744,iy
8745,ao
8746,sh
8747,iy
8748,iy
8749,sh
8750,iy
8751,dcl
8752,sh
8753,sh
8754,dcl
8755,ao
8756,ao
8757,iy
8758,iy
8759,ao
8760,iy
8761,sh
8762,iy
8763,sh
8764,iy
8765,ao
8766,ao
8767,iy
8768,ao
8769,ao
8770,ao
8771,ao
8772,sh
8773,sh
8774,ao
8775,ao
8776,ao
8777,dcl
8778,ao
8779,ao
8780,ao
8781,ao
8782,sh
8783,sh
8784,sh
8785,ao
8786,iy
8787,iy
8788,ao
8789,ao
8790,iy
8791,ao
8792,dcl
8793,ao
8794,ao
8795,ao
8796,aa
8797,iy
8798,ao
8799,dcl
8800,ao
8801,ao
8802,sh
8803,iy
8804,dcl
8805,iy
8806,ao
8807,sh
8808,sh
8809,iy
8810,ao
8811,sh
8812,sh
8813,sh
8814,sh
8815,sh
8816,sh
8817,ao
8818,iy
8819,ao
8820,ao
8821,ao
8822,iy
8823,ao
8824,iy
8825,iy
8826,iy
8827,ao
8828,iy
8829,sh
8830,sh
8831,iy
8832,iy
8833,ao
8834,sh
8835,iy
8836,sh
8837,sh
8838,ao
8839,iy
8840,dcl
8841,dcl
8842,ao
8843,aa
8844,iy
8845,ao
8846,aa
8847,sh
8848,iy
8849,sh
8850,iy
8851,ao
8852,sh
8853,iy
8854,ao
8855,ao
8856,sh
8857,iy
8858,iy
8859,ao
8860,sh
8861,iy
8862,ao
8863,ao
8864,dcl
8865,ao
8866,aa
8867,ao
8868,ao
8869,sh
8870,aa
8871,ao
8872,aa
8873,sh
8874,iy
8875,ao
8876,aa
8877,sh
8878,sh
8879,iy
8880,iy
8881,aa
8882,iy
8883,sh
8884,ao
8885,sh
8886,dcl
8887,sh
8888,ao
8889,iy
8890,ao
8891,aa
8892,dcl
8893,iy
8894,iy
8895,iy
8896,ao
8897,ao
8898,ao
8899,ao
8900,iy
8901,ao
8902,ao
8903,ao
8904,ao
8905,sh
8906,iy
8907,sh
8908,ao
8909,iy
8910,ao
8911,ao
8912,sh
8913,sh
8914,iy
8915,sh
8916,aa
8917,iy
8918,aa
8919,iy
8920,iy
8921,sh
8922,sh
8923,sh
8924,sh
8925,aa
8926,ao
8927,ao
8928,iy
8929,sh
8930,ao
8931,dcl
8932,iy
8933,iy
8934,iy
8935,iy
8936,iy
8937,iy
8938,sh
8939,iy
8940,sh
8941,iy
8942,iy
8943,ao
8944,dcl
8945,iy
8946,iy
8947,sh
8948,iy
8949,ao
8950,iy
8951,ao
8952,dcl
8953,ao
8954,sh
8955,iy
8956,sh
8957,ao
8958,dcl
8959,dcl
8960,iy
8961,dcl
8962,dcl
8963,sh
8964,dcl
8965,iy
8966,sh
8967,iy
8968,sh
8969,iy
8970,ao
8971,dcl
8972,ao
8973,iy
8974,dcl
8975,sh
8976,sh
8977,ao
8978,iy
8979,sh
8980,iy
8981,ao
8982,iy
8983,ao
8984,dcl
8985,sh
8986,ao
8987,dcl
8988,dcl
8989,iy
8990,ao
8991,ao
8992,sh
8993,ao
8994,ao
8995,dcl
8996,iy
8997,iy
8998,ao
8999,dcl
9000,dcl
9001,dcl
9002,sh
9003,ao
9004,ao
9005,sh
9006,dcl
9007,iy
9008,sh
9009,ao
9010,ao
9011,iy
9012,iy
9013,sh
9014,ao
9015,ao
9016,ao
9017,iy
9018,dcl
9019,sh
9020,aa
9021,ao
9022,ao
9023,sh
9024,dcl
9025,iy
9026,ao
9027,dcl
9028,aa
9029,dcl
9030,aa
9031,dcl
9032,aa
9033,aa
9034,ao
9035,sh
9036,dcl
9037,dcl
9038,dcl
9039,ao
9040,ao
9041,sh
9042,dcl
9043,aa
9044,aa
9045,aa
9046,iy
9047,aa
9048,ao
9049,dcl
9050,ao
9051,sh
9052,aa
9053,ao
9054,iy
9055,dcl
9056,sh
9057,ao
9058,aa
9059,sh
9060,aa
9061,sh
9062,sh
9063,sh
9064,sh
9065,aa
9066,sh
9067,iy
9068,ao
9069,sh
9070,dcl
9071,sh
9072,ao
9073,dcl
9074,aa
9075,dcl
9076,aa
9077,aa
9078,dcl
9079,dcl
9080,aa
9081,sh
9082,sh
9083,sh
9084,dcl
9085,ao
9086,aa
9087,sh
9088,iy
9089,aa
9090,aa
9091,ao
9092,sh
9093,ao
9094,dcl
9095,ao
9096,sh
9097,sh
9098,aa
9099,sh
9100,iy
9101,aa
9102,ao
9103,dcl
9104,dcl
9105,dcl
9106,ao
9107,dcl
9108,sh
9109,sh
9110,dcl
9111,ao
9112,dcl
9113,sh
9114,sh
9115,aa
9116,iy
9117,sh
9118,ao
9119,sh
9120,dcl
9121,aa
9122,sh
9123,dcl
9124,aa
9125,sh
9126,sh
9127,dcl
9128,ao
9129,sh
9130,dcl
9131,aa
9132,sh
9133,ao
9134,sh
9135,dcl
9136,dcl
9137,iy
9138,sh
9139,sh
9140,aa
9141,ao
9142,ao
9143,sh
9144,aa
9145,iy
9146,dcl
9147,sh
9148,sh
9149,dcl
9150,aa
9151,aa
9152,dcl
9153,aa
9154,aa
9155,aa
9156,dcl
9157,aa
9158,aa
9159,dcl
9160,ao
9161,sh
9162,aa
9163,ao
9164,aa
9165,aa
9166,aa
9167,iy
9168,sh
9169,sh
9170,dcl
9171,iy
9172,ao
9173,sh
9174,dcl
9175,aa
9176,aa
9177,aa
9178,iy
9179,aa
9180,ao
9181,dcl
9182,sh
9183,sh
9184,sh
9185,sh
9186,ao
9187,dcl
9188,iy
9189,aa
9190,ao
9191,ao
9192,iy
9193,ao
9194,sh
9195,ao
9196,iy
9197,iy
9198,aa
9199,dcl
9200,ao
9201,sh
9202,iy
9203,sh
9204,ao
9205,sh
9206,ao
9207,ao
9208,iy
9209,aa
9210,iy
9211,ao
9212,ao
9213,aa
9214,iy
9215,sh
9216,iy
9217,ao
9218,ao
9219,aa
9220,dcl
9221,ao
9222,ao
9223,ao
9224,aa
9225,ao
9226,ao
9227,dcl
9228,sh
9229,iy
9230,ao
9231,ao
9232,dcl
9233,sh
9234,sh
9235,dcl
9236,iy
9237,iy
9238,sh
9239,iy
9240,iy
9241,ao
9242,dcl
9243,ao
9244,sh
9245,ao
9246,ao
9247,iy
9248,dcl
9249,iy
9250,sh
9251,ao
9252,dcl
9253,sh
9254,dcl
9255,ao
9256,iy
9257,ao
9258,dcl
9259,sh
9260,iy
9261,dcl
9262,iy
9263,sh
9264,ao
9265,ao
9266,sh
9267,sh
9268,aa
9269,iy
9270,sh
9271,iy
9272,iy
9273,ao
9274,iy
9275,ao
9276,aa
9277,ao
9278,dcl
9279,iy
9280,aa
9281,ao
9282,ao
9283,dcl
9284,ao
9285,sh
9286,dcl
9287,aa
9288,aa
9289,dcl
9290,dcl
9291,iy
9292,ao
9293,iy
9294,dcl
9295,aa
9296,ao
9297,dcl
9298,dcl
9299,iy
9300,aa
9301,aa
9302,ao
9303,aa
9304,ao
9305,ao
9306,iy
9307,sh
9308,sh
9309,ao
9310,dcl
9311,aa
9312,ao
9313,dcl
9314,sh
9315,dcl
9316,ao
9317,dcl
9318,aa
9319,ao
9320,sh
9321,aa
9322,ao
9323,ao
9324,sh
9325,aa
9326,aa
9327,aa
9328,aa
9329,ao
9330,dcl
9331,dcl
9332,iy
9333,ao
9334,ao
9335,dcl
9336,dcl
9337,ao
9338,sh
9339,dcl
9340,ao
9341,sh
9342,sh
9343,ao
9344,ao
9345,ao
9346,aa
9347,ao
9348,dcl
9349,dcl
9350,dcl
9351,iy
9352,sh
9353,sh
9354,sh
9355,aa
9356,aa
9357,sh
9358,aa
9359,iy
9360,aa
9361,aa
9362,sh
9363,iy
9364,ao
9365,dcl
9366,aa
9367,sh
9368,aa
9369,dcl
9370,aa
9371,ao
9372,dcl
9373,sh
9374,dcl
9375,dcl
9376,aa
9377,ao
9378,dcl
9379,ao
9380,aa
9381,sh
9382,aa
9383,iy
9384,aa
9385,ao
9386,iy
9387,iy
9388,aa
9389,aa
9390,iy
9391,iy
9392,sh
9393,ao
9394,iy
9395,aa
9396,aa
9397,iy
9398,iy
9399,aa
9400,aa
9401,aa
9402,aa
9403,iy
9404,aa
9405,dcl
9406,sh
9407,ao
9408,aa
9409,aa
9410,ao
9411,aa
9412,aa
9413,dcl
9414,sh
9415,dcl
9416,ao
9417,aa
9418,dcl
9419,aa
9420,aa
9421,iy
9422,iy
9423,aa
9424,sh
9425,aa
9426,iy
9427,ao
9428,aa
9429,ao
9430,aa
9431,sh
9432,ao
9433,iy
9434,sh
9435,iy
9436,iy
9437,ao
9438,ao
9439,iy
9440,ao
9441,aa
9442,ao
9443,aa
9444,aa
9445,iy
9446,iy
9447,iy
9448,iy
9449,aa
9450,iy
9451,aa
9452,sh
9453,ao
9454,sh
9455,iy
9456,dcl
9457,aa
9458,iy
9459,aa
9460,dcl
9461,ao
9462,sh
9463,ao
9464,aa
9465,sh
9466,iy
9467,iy
9468,dcl
9469,sh
9470,iy
9471,dcl
9472,iy
9473,aa
9474,ao
9475,aa
9476,iy
9477,sh
9478,aa
9479,aa
9480,aa
9481,iy
9482,ao
9483,iy
9484,ao
9485,iy
9486,iy
9487,aa
9488,iy
9489,ao
9490,sh
9491,ao
9492,iy
9493,dcl
9494,ao
9495,aa
9496,ao
9497,ao
9498,dcl
9499,sh
9500,sh
9501,aa
9502,aa
9503,sh
9504,sh
9505,aa
9506,aa
9507,aa
9508,ao
9509,ao
9510,aa
9511,ao
9512,sh
9513,iy
9514,ao
9515,sh
9516,aa
9517,dcl
9518,ao
9519,ao
9520,aa
9521,iy
9522,ao
9523,aa
9524,iy
9525,sh
9526,sh
9527,aa
9528,ao
9529,aa
9530,iy
9531,aa
9532,ao
9533,sh
9534,aa
9535,aa
9536,aa
9537,aa
9538,ao
9539,sh
9540,iy
9541,dcl
9542,iy
9543,dcl
9544,sh
9545,aa
9546,dcl
9547,dcl
9548,ao
9549,dcl
9550,sh
9551,ao
9552,ao
9553,sh
9554,aa
9555,sh
9556,ao
9557,iy
9558,aa
9559,iy
9560,sh
9561,aa
9562,iy
9563,aa
9564,iy
9565,aa
9566,iy
9567,sh
9568,ao
9569,iy
9570,sh
9571,ao
9572,sh
9573,iy
9574,aa
9575,sh
9576,aa
9577,ao
9578,aa
9579,iy
9580,aa
9581,sh
9582,aa
9583,dcl
9584,aa
9585,ao
9586,iy
9587,iy
9588,ao
9589,aa
9590,dcl
9591,aa
9592,ao
9593,iy
9594,ao
9595,ao
9596,dcl
9597,ao
9598,ao
9599,ao
9600,iy
9601,sh
9602,sh
9603,aa
9604,ao
9605,sh
9606,sh
9607,dcl
9608,iy
9609,aa
9610,iy
9611,sh
9612,iy
9613,aa
9614,dcl
9615,aa
9616,iy
9617,iy
9618,iy
9619,aa
9620,aa
9621,aa
9622,iy
9623,iy
9624,ao
9625,ao
9626,sh
9627,ao
9628,iy
9629,ao
9630,dcl
9631,ao
9632,dcl
9633,ao
9634,dcl
9635,sh
9636,ao
9637,sh
9638,iy
9639,dcl
9640,dcl
9641,iy
9642,ao
9643,sh
9644,ao
9645,iy
9646,ao
9647,iy
9648,dcl
9649,iy
9650,ao
9651,ao
9652,sh
9653,ao
9654,ao
9655,dcl
9656,sh
9657,iy
9658,sh
9659,iy
9660,sh
9661,ao
9662,iy
9663,ao
9664,iy
9665,ao
9666,dcl
9667,iy
9668,sh
9669,sh
9670,sh
9671,sh
9672,dcl
9673,ao
9674,ao
9675,dcl
9676,iy
9677,dcl
9678,ao
9679,iy
9680,ao
9681,ao
9682,sh
9683,ao
9684,dcl
9685,ao
9686,ao
9687,dcl
9688,ao
9689,iy
9690,ao
9691,sh
9692,iy
9693,iy
9694,dcl
9695,iy
9696,sh
9697,iy
9698,ao
9699,ao
9700,iy
9701,ao
9702,sh
9703,ao
9704,ao
9705,sh
9706,ao
9707,sh
9708,iy
9709,dcl
9710,sh
9711,ao
9712,ao
9713,dcl
9714,ao
9715,ao
9716,aa
9717,sh
9718,aa
9719,aa
9720,aa
9721,dcl
9722,dcl
9723,iy
9724,dcl
9725,iy
9726,ao
9727,ao
9728,dcl
9729,dcl
9730,iy
9731,iy
9732,aa
9733,dcl
9734,dcl
9735,dcl
9736,dcl
9737,aa
9738,iy
9739,ao
9740,aa
9741,sh
9742,sh
9743,sh
9744,dcl
9745,dcl
9746,aa
9747,aa
9748,sh
9749,ao
9750,dcl
9751,aa
9752,dcl
9753,dcl
9754,aa
9755,aa
9756,sh
9757,aa
9758,sh
9759,aa
9760,dcl
9761,sh
9762,dcl
9763,sh
9764,sh
9765,dcl
9766,aa
9767,aa
9768,aa
9769,aa
9770,ao
9771,sh
9772,aa
9773,iy
9774,sh
9775,aa
9776,aa
9777,sh
9778,dcl
9779,sh
9780,iy
9781,sh
9782,sh
9783,dcl
9784,aa
9785,aa
9786,aa
9787,ao
9788,aa
9789,aa
9790,aa
9791,sh
9792,sh
9793,sh
9794,sh
9795,dcl
9796,dcl
9797,sh
9798,iy
9799,sh
9800,ao
9801,sh
9802,sh
9803,iy
9804,ao
9805,iy
9806,sh
9807,iy
9808,ao
9809,sh
9810,iy
9811,iy
9812,sh
9813,sh
9814,sh
9815,iy
9816,ao
9817,sh
9818,iy
9819,ao
9820,ao
9821,iy
9822,ao
9823,dcl
9824,sh
9825,iy
9826,iy
9827,sh
9828,dcl
9829,iy
9830,sh
9831,ao
9832,sh
9833,iy
9834,dcl
9835,iy
9836,iy
9837,ao
9838,ao
9839,ao
9840,aa
9841,ao
9842,ao
9843,ao
9844,ao
9845,ao
9846,ao
9847,iy
9848,ao
9849,dcl
9850,dcl
9851,ao
9852,ao
9853,ao
9854,ao
9855,sh
9856,dcl
9857,iy
9858,sh
9859,dcl
9860,iy
9861,iy
9862,ao
9863,ao
9864,iy
9865,ao
9866,iy
9867,iy
9868,iy
9869,iy
9870,iy
9871,iy
9872,dcl
9873,ao
9874,aa
9875,ao
9876,ao
9877,aa
9878,iy
9879,ao
9880,ao
9881,sh
9882,iy
9883,ao
9884,sh
9885,sh
9886,iy
9887,ao
9888,ao
9889,sh
9890,sh
9891,ao
9892,iy
9893,iy
9894,dcl
9895,iy
9896,iy
9897,sh
9898,iy
9899,ao
9900,ao
9901,sh
9902,iy
9903,ao
9904,iy
9905,iy
9906,ao
9907,iy
9908,dcl
9909,iy
9910,iy
9911,iy
9912,aa
9913,iy
9914,dcl
9915,iy
9916,sh
9917,sh
9918,aa
9919,sh
9920,sh
9921,ao
9922,aa
9923,iy
9924,sh
9925,ao
9926,iy
9927,dcl
9928,aa
9929,dcl
9930,sh
9931,sh
9932,sh
9933,ao
9934,aa
9935,iy
9936,iy
9937,iy
9938,sh
9939,ao
9940,sh
9941,iy
9942,iy
9943,sh
9944,iy
9945,aa
9946,sh
9947,sh
9948,aa
9949,ao
9950,iy
9951,dcl
9952,sh
9953,iy
9954,ao
9955,iy
9956,iy
9957,iy
9958,aa
9959,iy
9960,sh
9961,ao
9962,iy
9963,sh
9964,dcl
9965,ao
9966,iy
9967,iy
9968,iy
9969,dcl
9970,iy
9971,sh
9972,ao
9973,dcl
9974,sh
9975,sh
9976,iy
9977,iy
9978,sh
9979,aa
9980,sh
9981,ao
9982,iy
9983,dcl
9984,iy
9985,ao
9986,aa
9987,aa
9988,dcl
9989,iy
9990,aa
9991,aa
9992,sh
9993,iy
9994,aa
9995,ao
9996,sh
9997,dcl
9998,sh
9999,dcl
10000,ao
